{"timestamp": "2026-02-23T10:11:27.547054", "level": "INFO", "logger": "request_logger", "message": "Incoming request", "request_id": "470302ac", "method": "GET", "url": "http://localhost:8000/docs"}
{"timestamp": "2026-02-23T10:11:27.547404", "level": "INFO", "logger": "request_logger", "message": "Completed", "request_id": "470302ac", "method": "GET", "url": "http://localhost:8000/docs", "status_code": 200, "duration_ms": 0.47}
{"timestamp": "2026-02-23T10:11:29.474661", "level": "INFO", "logger": "request_logger", "message": "Incoming request", "request_id": "44931abd", "method": "GET", "url": "http://localhost:8000/openapi.json"}
{"timestamp": "2026-02-23T10:11:29.492539", "level": "INFO", "logger": "request_logger", "message": "Completed", "request_id": "44931abd", "method": "GET", "url": "http://localhost:8000/openapi.json", "status_code": 200, "duration_ms": 17.89}
{"timestamp": "2026-02-23T10:13:22.307845", "level": "INFO", "logger": "request_logger", "message": "Incoming request", "request_id": "a4d4ab67", "method": "GET", "url": "http://localhost:8000/health"}
{"timestamp": "2026-02-23T10:13:22.312564", "level": "INFO", "logger": "request_logger", "message": "Completed", "request_id": "a4d4ab67", "method": "GET", "url": "http://localhost:8000/health", "status_code": 200, "duration_ms": 4.76}
{"timestamp": "2026-02-23T10:14:02.706267", "level": "INFO", "logger": "request_logger", "message": "Incoming request", "request_id": "bee7e375", "method": "POST", "url": "http://localhost:8000/predict"}
{"timestamp": "2026-02-23T10:14:02.717737", "level": "INFO", "logger": "request_logger", "message": "Completed", "request_id": "bee7e375", "method": "POST", "url": "http://localhost:8000/predict", "status_code": 500, "duration_ms": 11.5}
{"timestamp": "2026-02-23T10:16:44.877585", "level": "INFO", "logger": "request_logger", "message": "Incoming request", "request_id": "5790310f", "method": "POST", "url": "http://localhost:8000/predict"}
{"timestamp": "2026-02-23T10:16:44.893983", "level": "INFO", "logger": "request_logger", "message": "Completed", "request_id": "5790310f", "method": "POST", "url": "http://localhost:8000/predict", "status_code": 500, "duration_ms": 16.4}
{"timestamp": "2026-02-23T10:16:47.340044", "level": "INFO", "logger": "request_logger", "message": "Incoming request", "request_id": "34260e09", "method": "POST", "url": "http://localhost:8000/predict"}
{"timestamp": "2026-02-23T10:16:47.345490", "level": "INFO", "logger": "request_logger", "message": "Completed", "request_id": "34260e09", "method": "POST", "url": "http://localhost:8000/predict", "status_code": 500, "duration_ms": 5.51}
{"timestamp": "2026-02-23T10:16:48.425005", "level": "INFO", "logger": "request_logger", "message": "Incoming request", "request_id": "2ce4538e", "method": "POST", "url": "http://localhost:8000/predict"}
{"timestamp": "2026-02-23T10:16:48.430943", "level": "INFO", "logger": "request_logger", "message": "Completed", "request_id": "2ce4538e", "method": "POST", "url": "http://localhost:8000/predict", "status_code": 500, "duration_ms": 5.99}
{"timestamp": "2026-02-23T10:16:55.394497", "level": "INFO", "logger": "request_logger", "message": "Incoming request", "request_id": "3d4267ac", "method": "POST", "url": "http://localhost:8000/predict"}
{"timestamp": "2026-02-23T10:16:55.399696", "level": "INFO", "logger": "request_logger", "message": "Completed", "request_id": "3d4267ac", "method": "POST", "url": "http://localhost:8000/predict", "status_code": 500, "duration_ms": 5.21}
{"timestamp": "2026-02-23T10:16:57.859159", "level": "INFO", "logger": "request_logger", "message": "Incoming request", "request_id": "c3d26f59", "method": "POST", "url": "http://localhost:8000/predict"}
{"timestamp": "2026-02-23T10:16:57.864615", "level": "INFO", "logger": "request_logger", "message": "Completed", "request_id": "c3d26f59", "method": "POST", "url": "http://localhost:8000/predict", "status_code": 500, "duration_ms": 5.48}
{"timestamp": "2026-02-23T10:17:45.171370", "level": "INFO", "logger": "request_logger", "message": "Incoming request", "request_id": "6aa9740b", "method": "GET", "url": "http://localhost:8000/health"}
{"timestamp": "2026-02-23T10:17:45.172166", "level": "INFO", "logger": "request_logger", "message": "Completed", "request_id": "6aa9740b", "method": "GET", "url": "http://localhost:8000/health", "status_code": 200, "duration_ms": 0.86}
{"timestamp": "2026-02-23T10:17:52.238858", "level": "INFO", "logger": "request_logger", "message": "Incoming request", "request_id": "751acd69", "method": "POST", "url": "http://localhost:8000/predict"}
{"timestamp": "2026-02-23T10:17:52.241880", "level": "INFO", "logger": "request_logger", "message": "Completed", "request_id": "751acd69", "method": "POST", "url": "http://localhost:8000/predict", "status_code": 500, "duration_ms": 3.05}
{"timestamp": "2026-02-23T10:18:34.495895", "level": "INFO", "logger": "request_logger", "message": "Incoming request", "request_id": "bbf4fa01", "method": "GET", "url": "http://localhost:8000/docs"}
{"timestamp": "2026-02-23T10:18:34.496233", "level": "INFO", "logger": "request_logger", "message": "Completed", "request_id": "bbf4fa01", "method": "GET", "url": "http://localhost:8000/docs", "status_code": 200, "duration_ms": 0.36}
{"timestamp": "2026-02-23T10:18:34.824798", "level": "INFO", "logger": "request_logger", "message": "Incoming request", "request_id": "69303790", "method": "GET", "url": "http://localhost:8000/openapi.json"}
{"timestamp": "2026-02-23T10:18:34.825721", "level": "INFO", "logger": "request_logger", "message": "Completed", "request_id": "69303790", "method": "GET", "url": "http://localhost:8000/openapi.json", "status_code": 200, "duration_ms": 0.98}
{"timestamp": "2026-02-23T10:18:41.510755", "level": "INFO", "logger": "request_logger", "message": "Incoming request", "request_id": "369825ce", "method": "POST", "url": "http://localhost:8000/predict"}
{"timestamp": "2026-02-23T10:18:41.524179", "level": "INFO", "logger": "request_logger", "message": "Completed", "request_id": "369825ce", "method": "POST", "url": "http://localhost:8000/predict", "status_code": 500, "duration_ms": 13.43}
{"timestamp": "2026-02-23T10:19:11.278767", "level": "INFO", "logger": "request_logger", "message": "Incoming request", "request_id": "4a38a3e5", "method": "POST", "url": "http://localhost:8000/predict"}
{"timestamp": "2026-02-23T10:19:11.325548", "level": "INFO", "logger": "request_logger", "message": "Completed", "request_id": "4a38a3e5", "method": "POST", "url": "http://localhost:8000/predict", "status_code": 200, "duration_ms": 46.93}
{"timestamp": "2026-02-23T10:19:19.741883", "level": "INFO", "logger": "request_logger", "message": "Incoming request", "request_id": "92ed4bc1", "method": "POST", "url": "http://localhost:8000/predict"}
{"timestamp": "2026-02-23T10:19:19.792383", "level": "INFO", "logger": "request_logger", "message": "Completed", "request_id": "92ed4bc1", "method": "POST", "url": "http://localhost:8000/predict", "status_code": 200, "duration_ms": 50.54}
{"timestamp": "2026-02-23T10:19:33.473496", "level": "INFO", "logger": "request_logger", "message": "Incoming request", "request_id": "5f647468", "method": "GET", "url": "http://localhost:8000/predict"}
{"timestamp": "2026-02-23T10:19:33.473892", "level": "INFO", "logger": "request_logger", "message": "Completed", "request_id": "5f647468", "method": "GET", "url": "http://localhost:8000/predict", "status_code": 405, "duration_ms": 0.41}
{"timestamp": "2026-02-23T10:19:33.859863", "level": "INFO", "logger": "request_logger", "message": "Incoming request", "request_id": "ec27e53b", "method": "GET", "url": "http://localhost:8000/favicon.ico"}
{"timestamp": "2026-02-23T10:19:33.860619", "level": "INFO", "logger": "request_logger", "message": "Completed", "request_id": "ec27e53b", "method": "GET", "url": "http://localhost:8000/favicon.ico", "status_code": 404, "duration_ms": 0.79}
{"timestamp": "2026-02-23T10:19:45.593463", "level": "INFO", "logger": "request_logger", "message": "Incoming request", "request_id": "f66a54ab", "method": "GET", "url": "http://localhost:8000/"}
{"timestamp": "2026-02-23T10:19:45.595429", "level": "INFO", "logger": "request_logger", "message": "Completed", "request_id": "f66a54ab", "method": "GET", "url": "http://localhost:8000/", "status_code": 200, "duration_ms": 2.05}
{"timestamp": "2026-02-23T10:19:57.350767", "level": "INFO", "logger": "request_logger", "message": "Incoming request", "request_id": "31c33400", "method": "GET", "url": "http://localhost:8000/health"}
{"timestamp": "2026-02-23T10:19:57.353289", "level": "INFO", "logger": "request_logger", "message": "Completed", "request_id": "31c33400", "method": "GET", "url": "http://localhost:8000/health", "status_code": 200, "duration_ms": 2.73}
{"timestamp": "2026-02-23T10:21:09.739935", "level": "INFO", "logger": "request_logger", "message": "Incoming request", "request_id": "fa6ea936", "method": "GET", "url": "http://localhost:8000/health"}
{"timestamp": "2026-02-23T10:21:09.740665", "level": "INFO", "logger": "request_logger", "message": "Completed", "request_id": "fa6ea936", "method": "GET", "url": "http://localhost:8000/health", "status_code": 200, "duration_ms": 0.76}
{"timestamp": "2026-02-23T10:21:10.200449", "level": "INFO", "logger": "request_logger", "message": "Incoming request", "request_id": "3fdd18d3", "method": "GET", "url": "http://localhost:8000/health"}
{"timestamp": "2026-02-23T10:21:10.202480", "level": "INFO", "logger": "request_logger", "message": "Completed", "request_id": "3fdd18d3", "method": "GET", "url": "http://localhost:8000/health", "status_code": 200, "duration_ms": 2.1}
{"timestamp": "2026-02-23T10:21:10.630830", "level": "INFO", "logger": "request_logger", "message": "Incoming request", "request_id": "298598ea", "method": "GET", "url": "http://localhost:8000/health"}
{"timestamp": "2026-02-23T10:21:10.633442", "level": "INFO", "logger": "request_logger", "message": "Completed", "request_id": "298598ea", "method": "GET", "url": "http://localhost:8000/health", "status_code": 200, "duration_ms": 2.62}
{"timestamp": "2026-02-23T10:21:11.050380", "level": "INFO", "logger": "request_logger", "message": "Incoming request", "request_id": "0c42969c", "method": "GET", "url": "http://localhost:8000/health"}
{"timestamp": "2026-02-23T10:21:11.051659", "level": "INFO", "logger": "request_logger", "message": "Completed", "request_id": "0c42969c", "method": "GET", "url": "http://localhost:8000/health", "status_code": 200, "duration_ms": 1.38}
{"timestamp": "2026-02-23T10:21:11.454541", "level": "INFO", "logger": "request_logger", "message": "Incoming request", "request_id": "7f18a751", "method": "GET", "url": "http://localhost:8000/health"}
{"timestamp": "2026-02-23T10:21:11.456070", "level": "INFO", "logger": "request_logger", "message": "Completed", "request_id": "7f18a751", "method": "GET", "url": "http://localhost:8000/health", "status_code": 200, "duration_ms": 1.66}
{"timestamp": "2026-02-23T10:21:11.887718", "level": "INFO", "logger": "request_logger", "message": "Incoming request", "request_id": "ff50f0ba", "method": "GET", "url": "http://localhost:8000/health"}
{"timestamp": "2026-02-23T10:21:11.889582", "level": "INFO", "logger": "request_logger", "message": "Completed", "request_id": "ff50f0ba", "method": "GET", "url": "http://localhost:8000/health", "status_code": 200, "duration_ms": 2.94}
{"timestamp": "2026-02-23T10:21:12.025880", "level": "INFO", "logger": "request_logger", "message": "Incoming request", "request_id": "9160bd41", "method": "GET", "url": "http://localhost:8000/health"}
{"timestamp": "2026-02-23T10:21:12.026679", "level": "INFO", "logger": "request_logger", "message": "Completed", "request_id": "9160bd41", "method": "GET", "url": "http://localhost:8000/health", "status_code": 200, "duration_ms": 0.82}
{"timestamp": "2026-02-23T10:21:12.223412", "level": "INFO", "logger": "request_logger", "message": "Incoming request", "request_id": "df15eaee", "method": "GET", "url": "http://localhost:8000/health"}
{"timestamp": "2026-02-23T10:21:12.224690", "level": "INFO", "logger": "request_logger", "message": "Completed", "request_id": "df15eaee", "method": "GET", "url": "http://localhost:8000/health", "status_code": 200, "duration_ms": 1.34}
{"timestamp": "2026-02-23T10:21:12.441816", "level": "INFO", "logger": "request_logger", "message": "Incoming request", "request_id": "348edb8b", "method": "GET", "url": "http://localhost:8000/health"}
{"timestamp": "2026-02-23T10:21:12.443417", "level": "INFO", "logger": "request_logger", "message": "Completed", "request_id": "348edb8b", "method": "GET", "url": "http://localhost:8000/health", "status_code": 200, "duration_ms": 1.7}
{"timestamp": "2026-02-23T10:21:12.655147", "level": "INFO", "logger": "request_logger", "message": "Incoming request", "request_id": "7bcc7380", "method": "GET", "url": "http://localhost:8000/health"}
{"timestamp": "2026-02-23T10:21:12.655784", "level": "INFO", "logger": "request_logger", "message": "Completed", "request_id": "7bcc7380", "method": "GET", "url": "http://localhost:8000/health", "status_code": 200, "duration_ms": 0.65}
{"timestamp": "2026-02-23T10:21:12.866780", "level": "INFO", "logger": "request_logger", "message": "Incoming request", "request_id": "25bb81aa", "method": "GET", "url": "http://localhost:8000/health"}
{"timestamp": "2026-02-23T10:21:12.868050", "level": "INFO", "logger": "request_logger", "message": "Completed", "request_id": "25bb81aa", "method": "GET", "url": "http://localhost:8000/health", "status_code": 200, "duration_ms": 1.32}
{"timestamp": "2026-02-23T10:21:13.061040", "level": "INFO", "logger": "request_logger", "message": "Incoming request", "request_id": "1fdf0512", "method": "GET", "url": "http://localhost:8000/health"}
{"timestamp": "2026-02-23T10:21:13.061555", "level": "INFO", "logger": "request_logger", "message": "Completed", "request_id": "1fdf0512", "method": "GET", "url": "http://localhost:8000/health", "status_code": 200, "duration_ms": 0.54}
{"timestamp": "2026-02-23T10:21:13.275102", "level": "INFO", "logger": "request_logger", "message": "Incoming request", "request_id": "bc574fb0", "method": "GET", "url": "http://localhost:8000/health"}
{"timestamp": "2026-02-23T10:21:13.275686", "level": "INFO", "logger": "request_logger", "message": "Completed", "request_id": "bc574fb0", "method": "GET", "url": "http://localhost:8000/health", "status_code": 200, "duration_ms": 0.61}
{"timestamp": "2026-02-23T10:21:13.489788", "level": "INFO", "logger": "request_logger", "message": "Incoming request", "request_id": "ce085446", "method": "GET", "url": "http://localhost:8000/health"}
{"timestamp": "2026-02-23T10:21:13.490539", "level": "INFO", "logger": "request_logger", "message": "Completed", "request_id": "ce085446", "method": "GET", "url": "http://localhost:8000/health", "status_code": 200, "duration_ms": 0.79}
{"timestamp": "2026-02-23T10:21:13.679650", "level": "INFO", "logger": "request_logger", "message": "Incoming request", "request_id": "626ef14a", "method": "GET", "url": "http://localhost:8000/health"}
{"timestamp": "2026-02-23T10:21:13.680893", "level": "INFO", "logger": "request_logger", "message": "Completed", "request_id": "626ef14a", "method": "GET", "url": "http://localhost:8000/health", "status_code": 200, "duration_ms": 1.26}
{"timestamp": "2026-02-23T10:21:13.890621", "level": "INFO", "logger": "request_logger", "message": "Incoming request", "request_id": "df0b9a11", "method": "GET", "url": "http://localhost:8000/health"}
{"timestamp": "2026-02-23T10:21:13.892061", "level": "INFO", "logger": "request_logger", "message": "Completed", "request_id": "df0b9a11", "method": "GET", "url": "http://localhost:8000/health", "status_code": 200, "duration_ms": 1.66}
{"timestamp": "2026-02-23T10:21:14.115307", "level": "INFO", "logger": "request_logger", "message": "Incoming request", "request_id": "00b7ce6f", "method": "GET", "url": "http://localhost:8000/health"}
{"timestamp": "2026-02-23T10:21:14.116484", "level": "INFO", "logger": "request_logger", "message": "Completed", "request_id": "00b7ce6f", "method": "GET", "url": "http://localhost:8000/health", "status_code": 200, "duration_ms": 1.24}
{"timestamp": "2026-02-23T10:21:14.311380", "level": "INFO", "logger": "request_logger", "message": "Incoming request", "request_id": "31fe2d0a", "method": "GET", "url": "http://localhost:8000/health"}
{"timestamp": "2026-02-23T10:21:14.311970", "level": "INFO", "logger": "request_logger", "message": "Completed", "request_id": "31fe2d0a", "method": "GET", "url": "http://localhost:8000/health", "status_code": 200, "duration_ms": 0.61}
{"timestamp": "2026-02-23T10:21:14.517720", "level": "INFO", "logger": "request_logger", "message": "Incoming request", "request_id": "c00cb3fc", "method": "GET", "url": "http://localhost:8000/health"}
{"timestamp": "2026-02-23T10:21:14.518320", "level": "INFO", "logger": "request_logger", "message": "Completed", "request_id": "c00cb3fc", "method": "GET", "url": "http://localhost:8000/health", "status_code": 200, "duration_ms": 0.62}
{"timestamp": "2026-02-23T10:21:14.733470", "level": "INFO", "logger": "request_logger", "message": "Incoming request", "request_id": "a3e7c37a", "method": "GET", "url": "http://localhost:8000/health"}
{"timestamp": "2026-02-23T10:21:14.734016", "level": "INFO", "logger": "request_logger", "message": "Completed", "request_id": "a3e7c37a", "method": "GET", "url": "http://localhost:8000/health", "status_code": 200, "duration_ms": 0.57}
{"timestamp": "2026-02-23T10:21:14.933286", "level": "INFO", "logger": "request_logger", "message": "Incoming request", "request_id": "c2d8c343", "method": "GET", "url": "http://localhost:8000/health"}
{"timestamp": "2026-02-23T10:21:14.933880", "level": "INFO", "logger": "request_logger", "message": "Completed", "request_id": "c2d8c343", "method": "GET", "url": "http://localhost:8000/health", "status_code": 200, "duration_ms": 0.62}
{"timestamp": "2026-02-23T10:21:15.142190", "level": "INFO", "logger": "request_logger", "message": "Incoming request", "request_id": "e1463288", "method": "GET", "url": "http://localhost:8000/health"}
{"timestamp": "2026-02-23T10:21:15.143309", "level": "INFO", "logger": "request_logger", "message": "Completed", "request_id": "e1463288", "method": "GET", "url": "http://localhost:8000/health", "status_code": 200, "duration_ms": 1.16}
{"timestamp": "2026-02-23T10:21:15.342609", "level": "INFO", "logger": "request_logger", "message": "Incoming request", "request_id": "879d91c8", "method": "GET", "url": "http://localhost:8000/health"}
{"timestamp": "2026-02-23T10:21:15.343263", "level": "INFO", "logger": "request_logger", "message": "Completed", "request_id": "879d91c8", "method": "GET", "url": "http://localhost:8000/health", "status_code": 200, "duration_ms": 0.67}
{"timestamp": "2026-02-23T10:21:15.546338", "level": "INFO", "logger": "request_logger", "message": "Incoming request", "request_id": "8bfc1035", "method": "GET", "url": "http://localhost:8000/health"}
{"timestamp": "2026-02-23T10:21:15.546749", "level": "INFO", "logger": "request_logger", "message": "Completed", "request_id": "8bfc1035", "method": "GET", "url": "http://localhost:8000/health", "status_code": 200, "duration_ms": 0.42}
{"timestamp": "2026-02-23T10:21:15.753206", "level": "INFO", "logger": "request_logger", "message": "Incoming request", "request_id": "21cfcc25", "method": "GET", "url": "http://localhost:8000/health"}
{"timestamp": "2026-02-23T10:21:15.753663", "level": "INFO", "logger": "request_logger", "message": "Completed", "request_id": "21cfcc25", "method": "GET", "url": "http://localhost:8000/health", "status_code": 200, "duration_ms": 0.48}
{"timestamp": "2026-02-23T10:21:15.964450", "level": "INFO", "logger": "request_logger", "message": "Incoming request", "request_id": "fe3e67f1", "method": "GET", "url": "http://localhost:8000/health"}
{"timestamp": "2026-02-23T10:21:15.965225", "level": "INFO", "logger": "request_logger", "message": "Completed", "request_id": "fe3e67f1", "method": "GET", "url": "http://localhost:8000/health", "status_code": 200, "duration_ms": 0.79}
{"timestamp": "2026-02-23T10:21:16.257265", "level": "INFO", "logger": "request_logger", "message": "Incoming request", "request_id": "6e63db7d", "method": "GET", "url": "http://localhost:8000/health"}
{"timestamp": "2026-02-23T10:21:16.258297", "level": "INFO", "logger": "request_logger", "message": "Completed", "request_id": "6e63db7d", "method": "GET", "url": "http://localhost:8000/health", "status_code": 200, "duration_ms": 1.14}
{"timestamp": "2026-02-23T10:21:16.479331", "level": "INFO", "logger": "request_logger", "message": "Incoming request", "request_id": "be82badc", "method": "GET", "url": "http://localhost:8000/health"}
{"timestamp": "2026-02-23T10:21:16.480174", "level": "INFO", "logger": "request_logger", "message": "Completed", "request_id": "be82badc", "method": "GET", "url": "http://localhost:8000/health", "status_code": 200, "duration_ms": 0.86}
{"timestamp": "2026-02-23T10:21:16.672216", "level": "INFO", "logger": "request_logger", "message": "Incoming request", "request_id": "e445ed55", "method": "GET", "url": "http://localhost:8000/health"}
{"timestamp": "2026-02-23T10:21:16.673078", "level": "INFO", "logger": "request_logger", "message": "Completed", "request_id": "e445ed55", "method": "GET", "url": "http://localhost:8000/health", "status_code": 200, "duration_ms": 0.88}
{"timestamp": "2026-02-23T10:21:16.878763", "level": "INFO", "logger": "request_logger", "message": "Incoming request", "request_id": "e061de1c", "method": "GET", "url": "http://localhost:8000/health"}
{"timestamp": "2026-02-23T10:21:16.880549", "level": "INFO", "logger": "request_logger", "message": "Completed", "request_id": "e061de1c", "method": "GET", "url": "http://localhost:8000/health", "status_code": 200, "duration_ms": 1.79}
{"timestamp": "2026-02-23T10:21:17.083672", "level": "INFO", "logger": "request_logger", "message": "Incoming request", "request_id": "19184e4e", "method": "GET", "url": "http://localhost:8000/health"}
{"timestamp": "2026-02-23T10:21:17.084180", "level": "INFO", "logger": "request_logger", "message": "Completed", "request_id": "19184e4e", "method": "GET", "url": "http://localhost:8000/health", "status_code": 200, "duration_ms": 0.52}
{"timestamp": "2026-02-23T10:21:17.282452", "level": "INFO", "logger": "request_logger", "message": "Incoming request", "request_id": "29b897fd", "method": "GET", "url": "http://localhost:8000/health"}
{"timestamp": "2026-02-23T10:21:17.282843", "level": "INFO", "logger": "request_logger", "message": "Completed", "request_id": "29b897fd", "method": "GET", "url": "http://localhost:8000/health", "status_code": 200, "duration_ms": 0.41}
{"timestamp": "2026-02-23T10:21:17.560967", "level": "INFO", "logger": "request_logger", "message": "Incoming request", "request_id": "234d42be", "method": "GET", "url": "http://localhost:8000/health"}
{"timestamp": "2026-02-23T10:21:17.566093", "level": "INFO", "logger": "request_logger", "message": "Completed", "request_id": "234d42be", "method": "GET", "url": "http://localhost:8000/health", "status_code": 200, "duration_ms": 5.12}
{"timestamp": "2026-02-23T10:21:17.700848", "level": "INFO", "logger": "request_logger", "message": "Incoming request", "request_id": "5cb97c7f", "method": "GET", "url": "http://localhost:8000/health"}
{"timestamp": "2026-02-23T10:21:17.701335", "level": "INFO", "logger": "request_logger", "message": "Completed", "request_id": "5cb97c7f", "method": "GET", "url": "http://localhost:8000/health", "status_code": 200, "duration_ms": 0.49}
{"timestamp": "2026-02-23T10:21:17.909294", "level": "INFO", "logger": "request_logger", "message": "Incoming request", "request_id": "f97f8339", "method": "GET", "url": "http://localhost:8000/health"}
{"timestamp": "2026-02-23T10:21:17.909692", "level": "INFO", "logger": "request_logger", "message": "Completed", "request_id": "f97f8339", "method": "GET", "url": "http://localhost:8000/health", "status_code": 200, "duration_ms": 0.41}
{"timestamp": "2026-02-23T10:21:18.115917", "level": "INFO", "logger": "request_logger", "message": "Incoming request", "request_id": "f7b8b6ce", "method": "GET", "url": "http://localhost:8000/health"}
{"timestamp": "2026-02-23T10:21:18.116358", "level": "INFO", "logger": "request_logger", "message": "Completed", "request_id": "f7b8b6ce", "method": "GET", "url": "http://localhost:8000/health", "status_code": 200, "duration_ms": 0.45}
{"timestamp": "2026-02-23T10:21:18.324820", "level": "INFO", "logger": "request_logger", "message": "Incoming request", "request_id": "50d4aa70", "method": "GET", "url": "http://localhost:8000/health"}
{"timestamp": "2026-02-23T10:21:18.325567", "level": "INFO", "logger": "request_logger", "message": "Completed", "request_id": "50d4aa70", "method": "GET", "url": "http://localhost:8000/health", "status_code": 200, "duration_ms": 0.77}
{"timestamp": "2026-02-23T10:21:18.532730", "level": "INFO", "logger": "request_logger", "message": "Incoming request", "request_id": "041fb8d6", "method": "GET", "url": "http://localhost:8000/health"}
{"timestamp": "2026-02-23T10:21:18.533473", "level": "INFO", "logger": "request_logger", "message": "Completed", "request_id": "041fb8d6", "method": "GET", "url": "http://localhost:8000/health", "status_code": 200, "duration_ms": 0.77}
{"timestamp": "2026-02-23T10:21:18.738157", "level": "INFO", "logger": "request_logger", "message": "Incoming request", "request_id": "aa1d97a8", "method": "GET", "url": "http://localhost:8000/health"}
{"timestamp": "2026-02-23T10:21:18.738845", "level": "INFO", "logger": "request_logger", "message": "Completed", "request_id": "aa1d97a8", "method": "GET", "url": "http://localhost:8000/health", "status_code": 200, "duration_ms": 0.71}
{"timestamp": "2026-02-23T10:21:18.950783", "level": "INFO", "logger": "request_logger", "message": "Incoming request", "request_id": "c1f0d91f", "method": "GET", "url": "http://localhost:8000/health"}
{"timestamp": "2026-02-23T10:21:18.952904", "level": "INFO", "logger": "request_logger", "message": "Completed", "request_id": "c1f0d91f", "method": "GET", "url": "http://localhost:8000/health", "status_code": 200, "duration_ms": 2.18}
{"timestamp": "2026-02-23T10:21:19.186792", "level": "INFO", "logger": "request_logger", "message": "Incoming request", "request_id": "44a2ece9", "method": "GET", "url": "http://localhost:8000/health"}
{"timestamp": "2026-02-23T10:21:19.188239", "level": "INFO", "logger": "request_logger", "message": "Completed", "request_id": "44a2ece9", "method": "GET", "url": "http://localhost:8000/health", "status_code": 200, "duration_ms": 1.52}
{"timestamp": "2026-02-23T10:21:19.376260", "level": "INFO", "logger": "request_logger", "message": "Incoming request", "request_id": "7f2fd87a", "method": "GET", "url": "http://localhost:8000/health"}
{"timestamp": "2026-02-23T10:21:19.377688", "level": "INFO", "logger": "request_logger", "message": "Completed", "request_id": "7f2fd87a", "method": "GET", "url": "http://localhost:8000/health", "status_code": 200, "duration_ms": 1.5}
{"timestamp": "2026-02-23T10:21:19.581949", "level": "INFO", "logger": "request_logger", "message": "Incoming request", "request_id": "fd5a17b5", "method": "GET", "url": "http://localhost:8000/health"}
{"timestamp": "2026-02-23T10:21:19.583472", "level": "INFO", "logger": "request_logger", "message": "Completed", "request_id": "fd5a17b5", "method": "GET", "url": "http://localhost:8000/health", "status_code": 200, "duration_ms": 1.57}
{"timestamp": "2026-02-23T10:21:19.866665", "level": "INFO", "logger": "request_logger", "message": "Incoming request", "request_id": "68456ddc", "method": "GET", "url": "http://localhost:8000/health"}
{"timestamp": "2026-02-23T10:21:19.867401", "level": "INFO", "logger": "request_logger", "message": "Completed", "request_id": "68456ddc", "method": "GET", "url": "http://localhost:8000/health", "status_code": 200, "duration_ms": 0.76}
{"timestamp": "2026-02-23T10:21:20.093179", "level": "INFO", "logger": "request_logger", "message": "Incoming request", "request_id": "7553a18c", "method": "GET", "url": "http://localhost:8000/health"}
{"timestamp": "2026-02-23T10:21:20.093968", "level": "INFO", "logger": "request_logger", "message": "Completed", "request_id": "7553a18c", "method": "GET", "url": "http://localhost:8000/health", "status_code": 200, "duration_ms": 0.81}
{"timestamp": "2026-02-23T10:21:20.288142", "level": "INFO", "logger": "request_logger", "message": "Incoming request", "request_id": "132b4d08", "method": "GET", "url": "http://localhost:8000/health"}
{"timestamp": "2026-02-23T10:21:20.288804", "level": "INFO", "logger": "request_logger", "message": "Completed", "request_id": "132b4d08", "method": "GET", "url": "http://localhost:8000/health", "status_code": 200, "duration_ms": 0.7}
{"timestamp": "2026-02-23T10:21:20.502239", "level": "INFO", "logger": "request_logger", "message": "Incoming request", "request_id": "037facc9", "method": "GET", "url": "http://localhost:8000/health"}
{"timestamp": "2026-02-23T10:21:20.503401", "level": "INFO", "logger": "request_logger", "message": "Completed", "request_id": "037facc9", "method": "GET", "url": "http://localhost:8000/health", "status_code": 200, "duration_ms": 1.21}
{"timestamp": "2026-02-23T10:21:20.791223", "level": "INFO", "logger": "request_logger", "message": "Incoming request", "request_id": "57afe000", "method": "GET", "url": "http://localhost:8000/health"}
{"timestamp": "2026-02-23T10:21:20.791838", "level": "INFO", "logger": "request_logger", "message": "Completed", "request_id": "57afe000", "method": "GET", "url": "http://localhost:8000/health", "status_code": 200, "duration_ms": 0.65}
{"timestamp": "2026-02-23T10:21:20.996096", "level": "INFO", "logger": "request_logger", "message": "Incoming request", "request_id": "c50783c3", "method": "GET", "url": "http://localhost:8000/health"}
{"timestamp": "2026-02-23T10:21:20.997154", "level": "INFO", "logger": "request_logger", "message": "Completed", "request_id": "c50783c3", "method": "GET", "url": "http://localhost:8000/health", "status_code": 200, "duration_ms": 1.11}
{"timestamp": "2026-02-23T10:21:21.215226", "level": "INFO", "logger": "request_logger", "message": "Incoming request", "request_id": "568b660b", "method": "GET", "url": "http://localhost:8000/health"}
{"timestamp": "2026-02-23T10:21:21.216492", "level": "INFO", "logger": "request_logger", "message": "Completed", "request_id": "568b660b", "method": "GET", "url": "http://localhost:8000/health", "status_code": 200, "duration_ms": 1.28}
{"timestamp": "2026-02-23T10:21:21.411451", "level": "INFO", "logger": "request_logger", "message": "Incoming request", "request_id": "4700e82b", "method": "GET", "url": "http://localhost:8000/health"}
{"timestamp": "2026-02-23T10:21:21.412413", "level": "INFO", "logger": "request_logger", "message": "Completed", "request_id": "4700e82b", "method": "GET", "url": "http://localhost:8000/health", "status_code": 200, "duration_ms": 1.0}
{"timestamp": "2026-02-23T10:21:21.627159", "level": "INFO", "logger": "request_logger", "message": "Incoming request", "request_id": "90b3a2a4", "method": "GET", "url": "http://localhost:8000/health"}
{"timestamp": "2026-02-23T10:21:21.628052", "level": "INFO", "logger": "request_logger", "message": "Completed", "request_id": "90b3a2a4", "method": "GET", "url": "http://localhost:8000/health", "status_code": 200, "duration_ms": 0.94}
{"timestamp": "2026-02-23T10:21:21.836922", "level": "INFO", "logger": "request_logger", "message": "Incoming request", "request_id": "45a52332", "method": "GET", "url": "http://localhost:8000/health"}
{"timestamp": "2026-02-23T10:21:21.838600", "level": "INFO", "logger": "request_logger", "message": "Completed", "request_id": "45a52332", "method": "GET", "url": "http://localhost:8000/health", "status_code": 200, "duration_ms": 1.84}
{"timestamp": "2026-02-23T10:21:22.036134", "level": "INFO", "logger": "request_logger", "message": "Incoming request", "request_id": "24ff0d8b", "method": "GET", "url": "http://localhost:8000/health"}
{"timestamp": "2026-02-23T10:21:22.036841", "level": "INFO", "logger": "request_logger", "message": "Completed", "request_id": "24ff0d8b", "method": "GET", "url": "http://localhost:8000/health", "status_code": 200, "duration_ms": 0.73}
{"timestamp": "2026-02-23T10:21:22.237289", "level": "INFO", "logger": "request_logger", "message": "Incoming request", "request_id": "27d74403", "method": "GET", "url": "http://localhost:8000/health"}
{"timestamp": "2026-02-23T10:21:22.237801", "level": "INFO", "logger": "request_logger", "message": "Completed", "request_id": "27d74403", "method": "GET", "url": "http://localhost:8000/health", "status_code": 200, "duration_ms": 0.53}
{"timestamp": "2026-02-23T10:21:22.541973", "level": "INFO", "logger": "request_logger", "message": "Incoming request", "request_id": "3997474e", "method": "GET", "url": "http://localhost:8000/health"}
{"timestamp": "2026-02-23T10:21:22.543011", "level": "INFO", "logger": "request_logger", "message": "Completed", "request_id": "3997474e", "method": "GET", "url": "http://localhost:8000/health", "status_code": 200, "duration_ms": 1.07}
{"timestamp": "2026-02-23T10:21:22.752817", "level": "INFO", "logger": "request_logger", "message": "Incoming request", "request_id": "2612aa5e", "method": "GET", "url": "http://localhost:8000/health"}
{"timestamp": "2026-02-23T10:21:22.753533", "level": "INFO", "logger": "request_logger", "message": "Completed", "request_id": "2612aa5e", "method": "GET", "url": "http://localhost:8000/health", "status_code": 200, "duration_ms": 0.74}
{"timestamp": "2026-02-23T10:21:22.951162", "level": "INFO", "logger": "request_logger", "message": "Incoming request", "request_id": "23a1546a", "method": "GET", "url": "http://localhost:8000/health"}
{"timestamp": "2026-02-23T10:21:22.951787", "level": "INFO", "logger": "request_logger", "message": "Completed", "request_id": "23a1546a", "method": "GET", "url": "http://localhost:8000/health", "status_code": 200, "duration_ms": 0.64}
{"timestamp": "2026-02-23T10:21:23.158652", "level": "INFO", "logger": "request_logger", "message": "Incoming request", "request_id": "cc03870e", "method": "GET", "url": "http://localhost:8000/health"}
{"timestamp": "2026-02-23T10:21:23.161128", "level": "INFO", "logger": "request_logger", "message": "Completed", "request_id": "cc03870e", "method": "GET", "url": "http://localhost:8000/health", "status_code": 200, "duration_ms": 2.57}
{"timestamp": "2026-02-23T10:21:23.363270", "level": "INFO", "logger": "request_logger", "message": "Incoming request", "request_id": "594790c9", "method": "GET", "url": "http://localhost:8000/health"}
{"timestamp": "2026-02-23T10:21:23.364166", "level": "INFO", "logger": "request_logger", "message": "Completed", "request_id": "594790c9", "method": "GET", "url": "http://localhost:8000/health", "status_code": 200, "duration_ms": 0.94}
{"timestamp": "2026-02-23T10:21:23.570785", "level": "INFO", "logger": "request_logger", "message": "Incoming request", "request_id": "d7bb7966", "method": "GET", "url": "http://localhost:8000/health"}
{"timestamp": "2026-02-23T10:21:23.571890", "level": "INFO", "logger": "request_logger", "message": "Completed", "request_id": "d7bb7966", "method": "GET", "url": "http://localhost:8000/health", "status_code": 200, "duration_ms": 1.13}
{"timestamp": "2026-02-23T10:21:23.777268", "level": "INFO", "logger": "request_logger", "message": "Incoming request", "request_id": "1dde5f00", "method": "GET", "url": "http://localhost:8000/health"}
{"timestamp": "2026-02-23T10:21:23.779204", "level": "INFO", "logger": "request_logger", "message": "Completed", "request_id": "1dde5f00", "method": "GET", "url": "http://localhost:8000/health", "status_code": 200, "duration_ms": 1.91}
{"timestamp": "2026-02-23T10:21:23.987945", "level": "INFO", "logger": "request_logger", "message": "Incoming request", "request_id": "5c09fafc", "method": "GET", "url": "http://localhost:8000/health"}
{"timestamp": "2026-02-23T10:21:23.989245", "level": "INFO", "logger": "request_logger", "message": "Completed", "request_id": "5c09fafc", "method": "GET", "url": "http://localhost:8000/health", "status_code": 200, "duration_ms": 1.35}
{"timestamp": "2026-02-23T10:21:24.204036", "level": "INFO", "logger": "request_logger", "message": "Incoming request", "request_id": "06923597", "method": "GET", "url": "http://localhost:8000/health"}
{"timestamp": "2026-02-23T10:21:24.205310", "level": "INFO", "logger": "request_logger", "message": "Completed", "request_id": "06923597", "method": "GET", "url": "http://localhost:8000/health", "status_code": 200, "duration_ms": 1.31}
{"timestamp": "2026-02-23T10:21:24.413033", "level": "INFO", "logger": "request_logger", "message": "Incoming request", "request_id": "a57ff971", "method": "GET", "url": "http://localhost:8000/health"}
{"timestamp": "2026-02-23T10:21:24.414019", "level": "INFO", "logger": "request_logger", "message": "Completed", "request_id": "a57ff971", "method": "GET", "url": "http://localhost:8000/health", "status_code": 200, "duration_ms": 1.03}
{"timestamp": "2026-02-23T10:21:24.621458", "level": "INFO", "logger": "request_logger", "message": "Incoming request", "request_id": "f261cc06", "method": "GET", "url": "http://localhost:8000/health"}
{"timestamp": "2026-02-23T10:21:24.622757", "level": "INFO", "logger": "request_logger", "message": "Completed", "request_id": "f261cc06", "method": "GET", "url": "http://localhost:8000/health", "status_code": 200, "duration_ms": 1.32}
{"timestamp": "2026-02-23T10:21:24.826852", "level": "INFO", "logger": "request_logger", "message": "Incoming request", "request_id": "2bb35ade", "method": "GET", "url": "http://localhost:8000/health"}
{"timestamp": "2026-02-23T10:21:24.827907", "level": "INFO", "logger": "request_logger", "message": "Completed", "request_id": "2bb35ade", "method": "GET", "url": "http://localhost:8000/health", "status_code": 200, "duration_ms": 1.1}
{"timestamp": "2026-02-23T10:21:25.034654", "level": "INFO", "logger": "request_logger", "message": "Incoming request", "request_id": "916b3e8d", "method": "GET", "url": "http://localhost:8000/health"}
{"timestamp": "2026-02-23T10:21:25.035590", "level": "INFO", "logger": "request_logger", "message": "Completed", "request_id": "916b3e8d", "method": "GET", "url": "http://localhost:8000/health", "status_code": 200, "duration_ms": 0.94}
{"timestamp": "2026-02-23T10:21:25.229760", "level": "INFO", "logger": "request_logger", "message": "Incoming request", "request_id": "d9f79007", "method": "GET", "url": "http://localhost:8000/health"}
{"timestamp": "2026-02-23T10:21:25.231265", "level": "INFO", "logger": "request_logger", "message": "Completed", "request_id": "d9f79007", "method": "GET", "url": "http://localhost:8000/health", "status_code": 200, "duration_ms": 1.52}
{"timestamp": "2026-02-23T10:21:25.431973", "level": "INFO", "logger": "request_logger", "message": "Incoming request", "request_id": "758299ab", "method": "GET", "url": "http://localhost:8000/health"}
{"timestamp": "2026-02-23T10:21:25.433784", "level": "INFO", "logger": "request_logger", "message": "Completed", "request_id": "758299ab", "method": "GET", "url": "http://localhost:8000/health", "status_code": 200, "duration_ms": 1.8}
{"timestamp": "2026-02-23T10:21:25.633865", "level": "INFO", "logger": "request_logger", "message": "Incoming request", "request_id": "2f88c537", "method": "GET", "url": "http://localhost:8000/health"}
{"timestamp": "2026-02-23T10:21:25.635726", "level": "INFO", "logger": "request_logger", "message": "Completed", "request_id": "2f88c537", "method": "GET", "url": "http://localhost:8000/health", "status_code": 200, "duration_ms": 1.85}
{"timestamp": "2026-02-23T10:21:25.845307", "level": "INFO", "logger": "request_logger", "message": "Incoming request", "request_id": "aa4c2e29", "method": "GET", "url": "http://localhost:8000/health"}
{"timestamp": "2026-02-23T10:21:25.845804", "level": "INFO", "logger": "request_logger", "message": "Completed", "request_id": "aa4c2e29", "method": "GET", "url": "http://localhost:8000/health", "status_code": 200, "duration_ms": 0.52}
{"timestamp": "2026-02-23T10:21:26.043750", "level": "INFO", "logger": "request_logger", "message": "Incoming request", "request_id": "0c6d5874", "method": "GET", "url": "http://localhost:8000/health"}
{"timestamp": "2026-02-23T10:21:26.044218", "level": "INFO", "logger": "request_logger", "message": "Completed", "request_id": "0c6d5874", "method": "GET", "url": "http://localhost:8000/health", "status_code": 200, "duration_ms": 0.49}
{"timestamp": "2026-02-23T10:21:26.243957", "level": "INFO", "logger": "request_logger", "message": "Incoming request", "request_id": "35b06bb5", "method": "GET", "url": "http://localhost:8000/health"}
{"timestamp": "2026-02-23T10:21:26.245685", "level": "INFO", "logger": "request_logger", "message": "Completed", "request_id": "35b06bb5", "method": "GET", "url": "http://localhost:8000/health", "status_code": 200, "duration_ms": 1.71}
{"timestamp": "2026-02-23T10:21:26.457546", "level": "INFO", "logger": "request_logger", "message": "Incoming request", "request_id": "2e2c1021", "method": "GET", "url": "http://localhost:8000/health"}
{"timestamp": "2026-02-23T10:21:26.458006", "level": "INFO", "logger": "request_logger", "message": "Completed", "request_id": "2e2c1021", "method": "GET", "url": "http://localhost:8000/health", "status_code": 200, "duration_ms": 0.47}
{"timestamp": "2026-02-23T10:21:26.661127", "level": "INFO", "logger": "request_logger", "message": "Incoming request", "request_id": "808a5e20", "method": "GET", "url": "http://localhost:8000/health"}
{"timestamp": "2026-02-23T10:21:26.661710", "level": "INFO", "logger": "request_logger", "message": "Completed", "request_id": "808a5e20", "method": "GET", "url": "http://localhost:8000/health", "status_code": 200, "duration_ms": 0.6}
{"timestamp": "2026-02-23T10:21:26.869766", "level": "INFO", "logger": "request_logger", "message": "Incoming request", "request_id": "c271a9ca", "method": "GET", "url": "http://localhost:8000/health"}
{"timestamp": "2026-02-23T10:21:26.870533", "level": "INFO", "logger": "request_logger", "message": "Completed", "request_id": "c271a9ca", "method": "GET", "url": "http://localhost:8000/health", "status_code": 200, "duration_ms": 0.8}
{"timestamp": "2026-02-23T10:21:27.090372", "level": "INFO", "logger": "request_logger", "message": "Incoming request", "request_id": "3abd1520", "method": "GET", "url": "http://localhost:8000/health"}
{"timestamp": "2026-02-23T10:21:27.091331", "level": "INFO", "logger": "request_logger", "message": "Completed", "request_id": "3abd1520", "method": "GET", "url": "http://localhost:8000/health", "status_code": 200, "duration_ms": 1.0}
{"timestamp": "2026-02-23T10:21:27.352597", "level": "INFO", "logger": "request_logger", "message": "Incoming request", "request_id": "d34d67ec", "method": "GET", "url": "http://localhost:8000/health"}
{"timestamp": "2026-02-23T10:21:27.353963", "level": "INFO", "logger": "request_logger", "message": "Completed", "request_id": "d34d67ec", "method": "GET", "url": "http://localhost:8000/health", "status_code": 200, "duration_ms": 1.43}
{"timestamp": "2026-02-23T10:21:27.486163", "level": "INFO", "logger": "request_logger", "message": "Incoming request", "request_id": "5aef78f6", "method": "GET", "url": "http://localhost:8000/health"}
{"timestamp": "2026-02-23T10:21:27.487337", "level": "INFO", "logger": "request_logger", "message": "Completed", "request_id": "5aef78f6", "method": "GET", "url": "http://localhost:8000/health", "status_code": 200, "duration_ms": 1.47}
{"timestamp": "2026-02-23T10:21:27.702593", "level": "INFO", "logger": "request_logger", "message": "Incoming request", "request_id": "1597685e", "method": "GET", "url": "http://localhost:8000/health"}
{"timestamp": "2026-02-23T10:21:27.703572", "level": "INFO", "logger": "request_logger", "message": "Completed", "request_id": "1597685e", "method": "GET", "url": "http://localhost:8000/health", "status_code": 200, "duration_ms": 0.96}
{"timestamp": "2026-02-23T10:21:27.909142", "level": "INFO", "logger": "request_logger", "message": "Incoming request", "request_id": "38aa42f8", "method": "GET", "url": "http://localhost:8000/health"}
{"timestamp": "2026-02-23T10:21:27.911325", "level": "INFO", "logger": "request_logger", "message": "Completed", "request_id": "38aa42f8", "method": "GET", "url": "http://localhost:8000/health", "status_code": 200, "duration_ms": 2.2}
{"timestamp": "2026-02-23T10:21:28.117369", "level": "INFO", "logger": "request_logger", "message": "Incoming request", "request_id": "e3db3e74", "method": "GET", "url": "http://localhost:8000/health"}
{"timestamp": "2026-02-23T10:21:28.118197", "level": "INFO", "logger": "request_logger", "message": "Completed", "request_id": "e3db3e74", "method": "GET", "url": "http://localhost:8000/health", "status_code": 200, "duration_ms": 0.84}
{"timestamp": "2026-02-23T10:21:28.326962", "level": "INFO", "logger": "request_logger", "message": "Incoming request", "request_id": "6fc12ff2", "method": "GET", "url": "http://localhost:8000/health"}
{"timestamp": "2026-02-23T10:21:28.328504", "level": "INFO", "logger": "request_logger", "message": "Completed", "request_id": "6fc12ff2", "method": "GET", "url": "http://localhost:8000/health", "status_code": 200, "duration_ms": 1.7}
{"timestamp": "2026-02-23T10:21:28.534415", "level": "INFO", "logger": "request_logger", "message": "Incoming request", "request_id": "42bc5909", "method": "GET", "url": "http://localhost:8000/health"}
{"timestamp": "2026-02-23T10:21:28.535906", "level": "INFO", "logger": "request_logger", "message": "Completed", "request_id": "42bc5909", "method": "GET", "url": "http://localhost:8000/health", "status_code": 200, "duration_ms": 1.59}
{"timestamp": "2026-02-23T10:21:28.739834", "level": "INFO", "logger": "request_logger", "message": "Incoming request", "request_id": "cbe0da8f", "method": "GET", "url": "http://localhost:8000/health"}
{"timestamp": "2026-02-23T10:21:28.741168", "level": "INFO", "logger": "request_logger", "message": "Completed", "request_id": "cbe0da8f", "method": "GET", "url": "http://localhost:8000/health", "status_code": 200, "duration_ms": 1.41}
{"timestamp": "2026-02-23T10:21:28.948159", "level": "INFO", "logger": "request_logger", "message": "Incoming request", "request_id": "5d047058", "method": "GET", "url": "http://localhost:8000/health"}
{"timestamp": "2026-02-23T10:21:28.949510", "level": "INFO", "logger": "request_logger", "message": "Completed", "request_id": "5d047058", "method": "GET", "url": "http://localhost:8000/health", "status_code": 200, "duration_ms": 1.42}
{"timestamp": "2026-02-23T10:21:29.173490", "level": "INFO", "logger": "request_logger", "message": "Incoming request", "request_id": "53812c63", "method": "GET", "url": "http://localhost:8000/health"}
{"timestamp": "2026-02-23T10:21:29.174516", "level": "INFO", "logger": "request_logger", "message": "Completed", "request_id": "53812c63", "method": "GET", "url": "http://localhost:8000/health", "status_code": 200, "duration_ms": 1.06}
{"timestamp": "2026-02-23T10:21:50.942069", "level": "INFO", "logger": "request_logger", "message": "Incoming request", "request_id": "c0b84a5e", "method": "GET", "url": "http://localhost:8000/health"}
{"timestamp": "2026-02-23T10:21:50.945619", "level": "INFO", "logger": "request_logger", "message": "Completed", "request_id": "c0b84a5e", "method": "GET", "url": "http://localhost:8000/health", "status_code": 200, "duration_ms": 3.67}
{"timestamp": "2026-02-23T10:21:51.132277", "level": "INFO", "logger": "request_logger", "message": "Incoming request", "request_id": "ecaa27a9", "method": "GET", "url": "http://localhost:8000/health"}
{"timestamp": "2026-02-23T10:21:51.133649", "level": "INFO", "logger": "request_logger", "message": "Completed", "request_id": "ecaa27a9", "method": "GET", "url": "http://localhost:8000/health", "status_code": 200, "duration_ms": 1.34}
{"timestamp": "2026-02-23T10:21:51.326485", "level": "INFO", "logger": "request_logger", "message": "Incoming request", "request_id": "98bb8c80", "method": "GET", "url": "http://localhost:8000/health"}
{"timestamp": "2026-02-23T10:21:51.327509", "level": "INFO", "logger": "request_logger", "message": "Completed", "request_id": "98bb8c80", "method": "GET", "url": "http://localhost:8000/health", "status_code": 200, "duration_ms": 1.08}
{"timestamp": "2026-02-23T10:21:51.538702", "level": "INFO", "logger": "request_logger", "message": "Incoming request", "request_id": "d8136ec4", "method": "GET", "url": "http://localhost:8000/health"}
{"timestamp": "2026-02-23T10:21:51.540334", "level": "INFO", "logger": "request_logger", "message": "Completed", "request_id": "d8136ec4", "method": "GET", "url": "http://localhost:8000/health", "status_code": 200, "duration_ms": 1.67}
{"timestamp": "2026-02-23T10:21:51.745950", "level": "INFO", "logger": "request_logger", "message": "Incoming request", "request_id": "d5d4768c", "method": "GET", "url": "http://localhost:8000/health"}
{"timestamp": "2026-02-23T10:21:51.747436", "level": "INFO", "logger": "request_logger", "message": "Completed", "request_id": "d5d4768c", "method": "GET", "url": "http://localhost:8000/health", "status_code": 200, "duration_ms": 1.55}
{"timestamp": "2026-02-23T10:21:51.944993", "level": "INFO", "logger": "request_logger", "message": "Incoming request", "request_id": "a0626369", "method": "GET", "url": "http://localhost:8000/health"}
{"timestamp": "2026-02-23T10:21:51.946776", "level": "INFO", "logger": "request_logger", "message": "Completed", "request_id": "a0626369", "method": "GET", "url": "http://localhost:8000/health", "status_code": 200, "duration_ms": 1.76}
{"timestamp": "2026-02-23T10:21:52.161018", "level": "INFO", "logger": "request_logger", "message": "Incoming request", "request_id": "9b33266a", "method": "GET", "url": "http://localhost:8000/health"}
{"timestamp": "2026-02-23T10:21:52.162758", "level": "INFO", "logger": "request_logger", "message": "Completed", "request_id": "9b33266a", "method": "GET", "url": "http://localhost:8000/health", "status_code": 200, "duration_ms": 1.91}
{"timestamp": "2026-02-23T10:21:52.363785", "level": "INFO", "logger": "request_logger", "message": "Incoming request", "request_id": "511c5eb1", "method": "GET", "url": "http://localhost:8000/health"}
{"timestamp": "2026-02-23T10:21:52.365704", "level": "INFO", "logger": "request_logger", "message": "Completed", "request_id": "511c5eb1", "method": "GET", "url": "http://localhost:8000/health", "status_code": 200, "duration_ms": 2.17}
{"timestamp": "2026-02-23T10:21:52.572157", "level": "INFO", "logger": "request_logger", "message": "Incoming request", "request_id": "f31f7bdd", "method": "GET", "url": "http://localhost:8000/health"}
{"timestamp": "2026-02-23T10:21:52.573750", "level": "INFO", "logger": "request_logger", "message": "Completed", "request_id": "f31f7bdd", "method": "GET", "url": "http://localhost:8000/health", "status_code": 200, "duration_ms": 1.54}
{"timestamp": "2026-02-23T10:21:52.775298", "level": "INFO", "logger": "request_logger", "message": "Incoming request", "request_id": "60f5cd90", "method": "GET", "url": "http://localhost:8000/health"}
{"timestamp": "2026-02-23T10:21:52.776945", "level": "INFO", "logger": "request_logger", "message": "Completed", "request_id": "60f5cd90", "method": "GET", "url": "http://localhost:8000/health", "status_code": 200, "duration_ms": 1.74}
{"timestamp": "2026-02-23T10:21:52.983144", "level": "INFO", "logger": "request_logger", "message": "Incoming request", "request_id": "0d95b2fe", "method": "GET", "url": "http://localhost:8000/health"}
{"timestamp": "2026-02-23T10:21:52.984619", "level": "INFO", "logger": "request_logger", "message": "Completed", "request_id": "0d95b2fe", "method": "GET", "url": "http://localhost:8000/health", "status_code": 200, "duration_ms": 1.49}
{"timestamp": "2026-02-23T10:21:53.188612", "level": "INFO", "logger": "request_logger", "message": "Incoming request", "request_id": "8da5940f", "method": "GET", "url": "http://localhost:8000/health"}
{"timestamp": "2026-02-23T10:21:53.190079", "level": "INFO", "logger": "request_logger", "message": "Completed", "request_id": "8da5940f", "method": "GET", "url": "http://localhost:8000/health", "status_code": 200, "duration_ms": 1.55}
{"timestamp": "2026-02-23T10:21:53.392761", "level": "INFO", "logger": "request_logger", "message": "Incoming request", "request_id": "e97cc2fc", "method": "GET", "url": "http://localhost:8000/health"}
{"timestamp": "2026-02-23T10:21:53.394911", "level": "INFO", "logger": "request_logger", "message": "Completed", "request_id": "e97cc2fc", "method": "GET", "url": "http://localhost:8000/health", "status_code": 200, "duration_ms": 2.19}
{"timestamp": "2026-02-23T10:21:53.605752", "level": "INFO", "logger": "request_logger", "message": "Incoming request", "request_id": "e18fa907", "method": "GET", "url": "http://localhost:8000/health"}
{"timestamp": "2026-02-23T10:21:53.607182", "level": "INFO", "logger": "request_logger", "message": "Completed", "request_id": "e18fa907", "method": "GET", "url": "http://localhost:8000/health", "status_code": 200, "duration_ms": 1.53}
{"timestamp": "2026-02-23T10:21:53.810136", "level": "INFO", "logger": "request_logger", "message": "Incoming request", "request_id": "e1490466", "method": "GET", "url": "http://localhost:8000/health"}
{"timestamp": "2026-02-23T10:21:53.812271", "level": "INFO", "logger": "request_logger", "message": "Completed", "request_id": "e1490466", "method": "GET", "url": "http://localhost:8000/health", "status_code": 200, "duration_ms": 2.25}
{"timestamp": "2026-02-23T10:21:54.006456", "level": "INFO", "logger": "request_logger", "message": "Incoming request", "request_id": "d0e2406e", "method": "GET", "url": "http://localhost:8000/health"}
{"timestamp": "2026-02-23T10:21:54.007643", "level": "INFO", "logger": "request_logger", "message": "Completed", "request_id": "d0e2406e", "method": "GET", "url": "http://localhost:8000/health", "status_code": 200, "duration_ms": 1.21}
{"timestamp": "2026-02-23T10:21:54.221976", "level": "INFO", "logger": "request_logger", "message": "Incoming request", "request_id": "b7b0f58d", "method": "GET", "url": "http://localhost:8000/health"}
{"timestamp": "2026-02-23T10:21:54.223460", "level": "INFO", "logger": "request_logger", "message": "Completed", "request_id": "b7b0f58d", "method": "GET", "url": "http://localhost:8000/health", "status_code": 200, "duration_ms": 1.53}
{"timestamp": "2026-02-23T10:21:54.434287", "level": "INFO", "logger": "request_logger", "message": "Incoming request", "request_id": "47a21f37", "method": "GET", "url": "http://localhost:8000/health"}
{"timestamp": "2026-02-23T10:21:54.435957", "level": "INFO", "logger": "request_logger", "message": "Completed", "request_id": "47a21f37", "method": "GET", "url": "http://localhost:8000/health", "status_code": 200, "duration_ms": 1.76}
{"timestamp": "2026-02-23T10:21:54.627429", "level": "INFO", "logger": "request_logger", "message": "Incoming request", "request_id": "23ad9d5a", "method": "GET", "url": "http://localhost:8000/health"}
{"timestamp": "2026-02-23T10:21:54.629261", "level": "INFO", "logger": "request_logger", "message": "Completed", "request_id": "23ad9d5a", "method": "GET", "url": "http://localhost:8000/health", "status_code": 200, "duration_ms": 1.87}
{"timestamp": "2026-02-23T10:21:54.845124", "level": "INFO", "logger": "request_logger", "message": "Incoming request", "request_id": "d55dd03b", "method": "GET", "url": "http://localhost:8000/health"}
{"timestamp": "2026-02-23T10:21:54.847161", "level": "INFO", "logger": "request_logger", "message": "Completed", "request_id": "d55dd03b", "method": "GET", "url": "http://localhost:8000/health", "status_code": 200, "duration_ms": 1.99}
{"timestamp": "2026-02-23T10:21:55.058099", "level": "INFO", "logger": "request_logger", "message": "Incoming request", "request_id": "8a722a3f", "method": "GET", "url": "http://localhost:8000/health"}
{"timestamp": "2026-02-23T10:21:55.060663", "level": "INFO", "logger": "request_logger", "message": "Completed", "request_id": "8a722a3f", "method": "GET", "url": "http://localhost:8000/health", "status_code": 200, "duration_ms": 2.85}
{"timestamp": "2026-02-23T10:21:55.268510", "level": "INFO", "logger": "request_logger", "message": "Incoming request", "request_id": "0a188b69", "method": "GET", "url": "http://localhost:8000/health"}
{"timestamp": "2026-02-23T10:21:55.271425", "level": "INFO", "logger": "request_logger", "message": "Completed", "request_id": "0a188b69", "method": "GET", "url": "http://localhost:8000/health", "status_code": 200, "duration_ms": 2.88}
{"timestamp": "2026-02-23T10:21:55.482071", "level": "INFO", "logger": "request_logger", "message": "Incoming request", "request_id": "d92b33cc", "method": "GET", "url": "http://localhost:8000/health"}
{"timestamp": "2026-02-23T10:21:55.483659", "level": "INFO", "logger": "request_logger", "message": "Completed", "request_id": "d92b33cc", "method": "GET", "url": "http://localhost:8000/health", "status_code": 200, "duration_ms": 1.67}
{"timestamp": "2026-02-23T10:21:55.677602", "level": "INFO", "logger": "request_logger", "message": "Incoming request", "request_id": "b9c8370d", "method": "GET", "url": "http://localhost:8000/health"}
{"timestamp": "2026-02-23T10:21:55.678150", "level": "INFO", "logger": "request_logger", "message": "Completed", "request_id": "b9c8370d", "method": "GET", "url": "http://localhost:8000/health", "status_code": 200, "duration_ms": 0.56}
{"timestamp": "2026-02-23T10:21:55.960623", "level": "INFO", "logger": "request_logger", "message": "Incoming request", "request_id": "e7822b2b", "method": "GET", "url": "http://localhost:8000/health"}
{"timestamp": "2026-02-23T10:21:55.961876", "level": "INFO", "logger": "request_logger", "message": "Completed", "request_id": "e7822b2b", "method": "GET", "url": "http://localhost:8000/health", "status_code": 200, "duration_ms": 1.39}
{"timestamp": "2026-02-23T10:21:56.097950", "level": "INFO", "logger": "request_logger", "message": "Incoming request", "request_id": "9952691c", "method": "GET", "url": "http://localhost:8000/health"}
{"timestamp": "2026-02-23T10:21:56.099099", "level": "INFO", "logger": "request_logger", "message": "Completed", "request_id": "9952691c", "method": "GET", "url": "http://localhost:8000/health", "status_code": 200, "duration_ms": 1.16}
{"timestamp": "2026-02-23T10:21:56.311847", "level": "INFO", "logger": "request_logger", "message": "Incoming request", "request_id": "4a50beed", "method": "GET", "url": "http://localhost:8000/health"}
{"timestamp": "2026-02-23T10:21:56.313747", "level": "INFO", "logger": "request_logger", "message": "Completed", "request_id": "4a50beed", "method": "GET", "url": "http://localhost:8000/health", "status_code": 200, "duration_ms": 2.06}
{"timestamp": "2026-02-23T10:21:56.519384", "level": "INFO", "logger": "request_logger", "message": "Incoming request", "request_id": "44270990", "method": "GET", "url": "http://localhost:8000/health"}
{"timestamp": "2026-02-23T10:21:56.520859", "level": "INFO", "logger": "request_logger", "message": "Completed", "request_id": "44270990", "method": "GET", "url": "http://localhost:8000/health", "status_code": 200, "duration_ms": 1.79}
{"timestamp": "2026-02-23T10:21:56.722278", "level": "INFO", "logger": "request_logger", "message": "Incoming request", "request_id": "4b33b4cb", "method": "GET", "url": "http://localhost:8000/health"}
{"timestamp": "2026-02-23T10:21:56.724337", "level": "INFO", "logger": "request_logger", "message": "Completed", "request_id": "4b33b4cb", "method": "GET", "url": "http://localhost:8000/health", "status_code": 200, "duration_ms": 2.15}
{"timestamp": "2026-02-23T10:21:56.927773", "level": "INFO", "logger": "request_logger", "message": "Incoming request", "request_id": "59ecb72d", "method": "GET", "url": "http://localhost:8000/health"}
{"timestamp": "2026-02-23T10:21:56.928294", "level": "INFO", "logger": "request_logger", "message": "Completed", "request_id": "59ecb72d", "method": "GET", "url": "http://localhost:8000/health", "status_code": 200, "duration_ms": 0.54}
{"timestamp": "2026-02-23T10:21:57.136270", "level": "INFO", "logger": "request_logger", "message": "Incoming request", "request_id": "8f2e84b9", "method": "GET", "url": "http://localhost:8000/health"}
{"timestamp": "2026-02-23T10:21:57.137865", "level": "INFO", "logger": "request_logger", "message": "Completed", "request_id": "8f2e84b9", "method": "GET", "url": "http://localhost:8000/health", "status_code": 200, "duration_ms": 2.2}
{"timestamp": "2026-02-23T10:21:57.348449", "level": "INFO", "logger": "request_logger", "message": "Incoming request", "request_id": "cacaedec", "method": "GET", "url": "http://localhost:8000/health"}
{"timestamp": "2026-02-23T10:21:57.350213", "level": "INFO", "logger": "request_logger", "message": "Completed", "request_id": "cacaedec", "method": "GET", "url": "http://localhost:8000/health", "status_code": 200, "duration_ms": 1.85}
{"timestamp": "2026-02-23T10:21:57.558117", "level": "INFO", "logger": "request_logger", "message": "Incoming request", "request_id": "5c8bcc49", "method": "GET", "url": "http://localhost:8000/health"}
{"timestamp": "2026-02-23T10:21:57.560304", "level": "INFO", "logger": "request_logger", "message": "Completed", "request_id": "5c8bcc49", "method": "GET", "url": "http://localhost:8000/health", "status_code": 200, "duration_ms": 2.26}
{"timestamp": "2026-02-23T10:21:57.802165", "level": "INFO", "logger": "request_logger", "message": "Incoming request", "request_id": "c0ac1ecb", "method": "GET", "url": "http://localhost:8000/health"}
{"timestamp": "2026-02-23T10:21:57.803826", "level": "INFO", "logger": "request_logger", "message": "Completed", "request_id": "c0ac1ecb", "method": "GET", "url": "http://localhost:8000/health", "status_code": 200, "duration_ms": 1.74}
{"timestamp": "2026-02-23T10:21:57.860709", "level": "INFO", "logger": "request_logger", "message": "Incoming request", "request_id": "3d14d283", "method": "GET", "url": "http://localhost:8000/health"}
{"timestamp": "2026-02-23T10:21:57.861464", "level": "INFO", "logger": "request_logger", "message": "Completed", "request_id": "3d14d283", "method": "GET", "url": "http://localhost:8000/health", "status_code": 200, "duration_ms": 0.79}
{"timestamp": "2026-02-23T10:21:57.970889", "level": "INFO", "logger": "request_logger", "message": "Incoming request", "request_id": "8a69023a", "method": "GET", "url": "http://localhost:8000/health"}
{"timestamp": "2026-02-23T10:21:57.971395", "level": "INFO", "logger": "request_logger", "message": "Completed", "request_id": "8a69023a", "method": "GET", "url": "http://localhost:8000/health", "status_code": 200, "duration_ms": 0.52}
{"timestamp": "2026-02-23T10:21:58.201304", "level": "INFO", "logger": "request_logger", "message": "Incoming request", "request_id": "cfc31813", "method": "GET", "url": "http://localhost:8000/health"}
{"timestamp": "2026-02-23T10:21:58.203489", "level": "INFO", "logger": "request_logger", "message": "Completed", "request_id": "cfc31813", "method": "GET", "url": "http://localhost:8000/health", "status_code": 200, "duration_ms": 2.35}
{"timestamp": "2026-02-23T10:21:58.390739", "level": "INFO", "logger": "request_logger", "message": "Incoming request", "request_id": "c357c262", "method": "GET", "url": "http://localhost:8000/health"}
{"timestamp": "2026-02-23T10:21:58.392714", "level": "INFO", "logger": "request_logger", "message": "Completed", "request_id": "c357c262", "method": "GET", "url": "http://localhost:8000/health", "status_code": 200, "duration_ms": 2.04}
{"timestamp": "2026-02-23T10:21:58.672824", "level": "INFO", "logger": "request_logger", "message": "Incoming request", "request_id": "6d4dc57b", "method": "GET", "url": "http://localhost:8000/health"}
{"timestamp": "2026-02-23T10:21:58.674735", "level": "INFO", "logger": "request_logger", "message": "Completed", "request_id": "6d4dc57b", "method": "GET", "url": "http://localhost:8000/health", "status_code": 200, "duration_ms": 1.94}
{"timestamp": "2026-02-23T10:21:58.795603", "level": "INFO", "logger": "request_logger", "message": "Incoming request", "request_id": "8be6dd83", "method": "GET", "url": "http://localhost:8000/health"}
{"timestamp": "2026-02-23T10:21:58.796766", "level": "INFO", "logger": "request_logger", "message": "Completed", "request_id": "8be6dd83", "method": "GET", "url": "http://localhost:8000/health", "status_code": 200, "duration_ms": 1.2}
{"timestamp": "2026-02-23T10:21:59.005382", "level": "INFO", "logger": "request_logger", "message": "Incoming request", "request_id": "3c4f7bad", "method": "GET", "url": "http://localhost:8000/health"}
{"timestamp": "2026-02-23T10:21:59.007806", "level": "INFO", "logger": "request_logger", "message": "Completed", "request_id": "3c4f7bad", "method": "GET", "url": "http://localhost:8000/health", "status_code": 200, "duration_ms": 3.02}
{"timestamp": "2026-02-23T10:21:59.212542", "level": "INFO", "logger": "request_logger", "message": "Incoming request", "request_id": "3ab04edd", "method": "GET", "url": "http://localhost:8000/health"}
{"timestamp": "2026-02-23T10:21:59.214031", "level": "INFO", "logger": "request_logger", "message": "Completed", "request_id": "3ab04edd", "method": "GET", "url": "http://localhost:8000/health", "status_code": 200, "duration_ms": 1.55}
{"timestamp": "2026-02-23T10:21:59.424517", "level": "INFO", "logger": "request_logger", "message": "Incoming request", "request_id": "a7f4a3ec", "method": "GET", "url": "http://localhost:8000/health"}
{"timestamp": "2026-02-23T10:21:59.426568", "level": "INFO", "logger": "request_logger", "message": "Completed", "request_id": "a7f4a3ec", "method": "GET", "url": "http://localhost:8000/health", "status_code": 200, "duration_ms": 2.17}
{"timestamp": "2026-02-23T10:21:59.623199", "level": "INFO", "logger": "request_logger", "message": "Incoming request", "request_id": "93f6977e", "method": "GET", "url": "http://localhost:8000/health"}
{"timestamp": "2026-02-23T10:21:59.625742", "level": "INFO", "logger": "request_logger", "message": "Completed", "request_id": "93f6977e", "method": "GET", "url": "http://localhost:8000/health", "status_code": 200, "duration_ms": 2.53}
{"timestamp": "2026-02-23T10:21:59.831269", "level": "INFO", "logger": "request_logger", "message": "Incoming request", "request_id": "e25a2b8d", "method": "GET", "url": "http://localhost:8000/health"}
{"timestamp": "2026-02-23T10:21:59.832887", "level": "INFO", "logger": "request_logger", "message": "Completed", "request_id": "e25a2b8d", "method": "GET", "url": "http://localhost:8000/health", "status_code": 200, "duration_ms": 1.65}
{"timestamp": "2026-02-23T10:22:00.039291", "level": "INFO", "logger": "request_logger", "message": "Incoming request", "request_id": "10081f21", "method": "GET", "url": "http://localhost:8000/health"}
{"timestamp": "2026-02-23T10:22:00.041060", "level": "INFO", "logger": "request_logger", "message": "Completed", "request_id": "10081f21", "method": "GET", "url": "http://localhost:8000/health", "status_code": 200, "duration_ms": 1.83}
{"timestamp": "2026-02-23T10:22:00.237806", "level": "INFO", "logger": "request_logger", "message": "Incoming request", "request_id": "adf38b5a", "method": "GET", "url": "http://localhost:8000/health"}
{"timestamp": "2026-02-23T10:22:00.238530", "level": "INFO", "logger": "request_logger", "message": "Completed", "request_id": "adf38b5a", "method": "GET", "url": "http://localhost:8000/health", "status_code": 200, "duration_ms": 0.75}
{"timestamp": "2026-02-23T10:22:00.452305", "level": "INFO", "logger": "request_logger", "message": "Incoming request", "request_id": "07af0346", "method": "GET", "url": "http://localhost:8000/health"}
{"timestamp": "2026-02-23T10:22:00.453345", "level": "INFO", "logger": "request_logger", "message": "Completed", "request_id": "07af0346", "method": "GET", "url": "http://localhost:8000/health", "status_code": 200, "duration_ms": 1.06}
{"timestamp": "2026-02-23T10:22:00.670469", "level": "INFO", "logger": "request_logger", "message": "Incoming request", "request_id": "9071e7af", "method": "GET", "url": "http://localhost:8000/health"}
{"timestamp": "2026-02-23T10:22:00.672093", "level": "INFO", "logger": "request_logger", "message": "Completed", "request_id": "9071e7af", "method": "GET", "url": "http://localhost:8000/health", "status_code": 200, "duration_ms": 1.65}
{"timestamp": "2026-02-23T10:22:00.872492", "level": "INFO", "logger": "request_logger", "message": "Incoming request", "request_id": "aa6bcbfb", "method": "GET", "url": "http://localhost:8000/health"}
{"timestamp": "2026-02-23T10:22:00.873502", "level": "INFO", "logger": "request_logger", "message": "Completed", "request_id": "aa6bcbfb", "method": "GET", "url": "http://localhost:8000/health", "status_code": 200, "duration_ms": 1.05}
{"timestamp": "2026-02-23T10:22:01.088578", "level": "INFO", "logger": "request_logger", "message": "Incoming request", "request_id": "a70d0f37", "method": "GET", "url": "http://localhost:8000/health"}
{"timestamp": "2026-02-23T10:22:01.090141", "level": "INFO", "logger": "request_logger", "message": "Completed", "request_id": "a70d0f37", "method": "GET", "url": "http://localhost:8000/health", "status_code": 200, "duration_ms": 1.73}
{"timestamp": "2026-02-23T10:22:01.288992", "level": "INFO", "logger": "request_logger", "message": "Incoming request", "request_id": "c5d5bc2b", "method": "GET", "url": "http://localhost:8000/health"}
{"timestamp": "2026-02-23T10:22:01.290171", "level": "INFO", "logger": "request_logger", "message": "Completed", "request_id": "c5d5bc2b", "method": "GET", "url": "http://localhost:8000/health", "status_code": 200, "duration_ms": 1.24}
{"timestamp": "2026-02-23T10:22:01.499624", "level": "INFO", "logger": "request_logger", "message": "Incoming request", "request_id": "6f8c8805", "method": "GET", "url": "http://localhost:8000/health"}
{"timestamp": "2026-02-23T10:22:01.501238", "level": "INFO", "logger": "request_logger", "message": "Completed", "request_id": "6f8c8805", "method": "GET", "url": "http://localhost:8000/health", "status_code": 200, "duration_ms": 1.69}
{"timestamp": "2026-02-23T10:22:01.706043", "level": "INFO", "logger": "request_logger", "message": "Incoming request", "request_id": "aed2f26d", "method": "GET", "url": "http://localhost:8000/health"}
{"timestamp": "2026-02-23T10:22:01.707216", "level": "INFO", "logger": "request_logger", "message": "Completed", "request_id": "aed2f26d", "method": "GET", "url": "http://localhost:8000/health", "status_code": 200, "duration_ms": 1.14}
{"timestamp": "2026-02-23T10:22:01.915550", "level": "INFO", "logger": "request_logger", "message": "Incoming request", "request_id": "c3f587c4", "method": "GET", "url": "http://localhost:8000/health"}
{"timestamp": "2026-02-23T10:22:01.917529", "level": "INFO", "logger": "request_logger", "message": "Completed", "request_id": "c3f587c4", "method": "GET", "url": "http://localhost:8000/health", "status_code": 200, "duration_ms": 1.97}
{"timestamp": "2026-02-23T10:22:02.114979", "level": "INFO", "logger": "request_logger", "message": "Incoming request", "request_id": "1f80e76b", "method": "GET", "url": "http://localhost:8000/health"}
{"timestamp": "2026-02-23T10:22:02.115811", "level": "INFO", "logger": "request_logger", "message": "Completed", "request_id": "1f80e76b", "method": "GET", "url": "http://localhost:8000/health", "status_code": 200, "duration_ms": 0.86}
{"timestamp": "2026-02-23T10:22:02.321861", "level": "INFO", "logger": "request_logger", "message": "Incoming request", "request_id": "7c732494", "method": "GET", "url": "http://localhost:8000/health"}
{"timestamp": "2026-02-23T10:22:02.323568", "level": "INFO", "logger": "request_logger", "message": "Completed", "request_id": "7c732494", "method": "GET", "url": "http://localhost:8000/health", "status_code": 200, "duration_ms": 1.79}
{"timestamp": "2026-02-23T10:22:02.518991", "level": "INFO", "logger": "request_logger", "message": "Incoming request", "request_id": "47ea2d64", "method": "GET", "url": "http://localhost:8000/health"}
{"timestamp": "2026-02-23T10:22:02.520830", "level": "INFO", "logger": "request_logger", "message": "Completed", "request_id": "47ea2d64", "method": "GET", "url": "http://localhost:8000/health", "status_code": 200, "duration_ms": 2.04}
{"timestamp": "2026-02-23T10:22:02.722068", "level": "INFO", "logger": "request_logger", "message": "Incoming request", "request_id": "f4821d89", "method": "GET", "url": "http://localhost:8000/health"}
{"timestamp": "2026-02-23T10:22:02.722754", "level": "INFO", "logger": "request_logger", "message": "Completed", "request_id": "f4821d89", "method": "GET", "url": "http://localhost:8000/health", "status_code": 200, "duration_ms": 0.81}
{"timestamp": "2026-02-23T10:22:02.937496", "level": "INFO", "logger": "request_logger", "message": "Incoming request", "request_id": "ab9b74dd", "method": "GET", "url": "http://localhost:8000/health"}
{"timestamp": "2026-02-23T10:22:02.939266", "level": "INFO", "logger": "request_logger", "message": "Completed", "request_id": "ab9b74dd", "method": "GET", "url": "http://localhost:8000/health", "status_code": 200, "duration_ms": 1.83}
{"timestamp": "2026-02-23T10:22:03.149041", "level": "INFO", "logger": "request_logger", "message": "Incoming request", "request_id": "15c042c3", "method": "GET", "url": "http://localhost:8000/health"}
{"timestamp": "2026-02-23T10:22:03.150512", "level": "INFO", "logger": "request_logger", "message": "Completed", "request_id": "15c042c3", "method": "GET", "url": "http://localhost:8000/health", "status_code": 200, "duration_ms": 1.54}
{"timestamp": "2026-02-23T10:22:03.355942", "level": "INFO", "logger": "request_logger", "message": "Incoming request", "request_id": "a4a38961", "method": "GET", "url": "http://localhost:8000/health"}
{"timestamp": "2026-02-23T10:22:03.357359", "level": "INFO", "logger": "request_logger", "message": "Completed", "request_id": "a4a38961", "method": "GET", "url": "http://localhost:8000/health", "status_code": 200, "duration_ms": 1.51}
{"timestamp": "2026-02-23T10:22:03.561759", "level": "INFO", "logger": "request_logger", "message": "Incoming request", "request_id": "5ca0e1bf", "method": "GET", "url": "http://localhost:8000/health"}
{"timestamp": "2026-02-23T10:22:03.563293", "level": "INFO", "logger": "request_logger", "message": "Completed", "request_id": "5ca0e1bf", "method": "GET", "url": "http://localhost:8000/health", "status_code": 200, "duration_ms": 1.7}
{"timestamp": "2026-02-23T10:22:03.768579", "level": "INFO", "logger": "request_logger", "message": "Incoming request", "request_id": "9d5651d3", "method": "GET", "url": "http://localhost:8000/health"}
{"timestamp": "2026-02-23T10:22:03.770666", "level": "INFO", "logger": "request_logger", "message": "Completed", "request_id": "9d5651d3", "method": "GET", "url": "http://localhost:8000/health", "status_code": 200, "duration_ms": 2.16}
{"timestamp": "2026-02-23T10:22:03.967821", "level": "INFO", "logger": "request_logger", "message": "Incoming request", "request_id": "0264eeb6", "method": "GET", "url": "http://localhost:8000/health"}
{"timestamp": "2026-02-23T10:22:03.969077", "level": "INFO", "logger": "request_logger", "message": "Completed", "request_id": "0264eeb6", "method": "GET", "url": "http://localhost:8000/health", "status_code": 200, "duration_ms": 1.38}
{"timestamp": "2026-02-23T10:22:04.173026", "level": "INFO", "logger": "request_logger", "message": "Incoming request", "request_id": "0afb2dfa", "method": "GET", "url": "http://localhost:8000/health"}
{"timestamp": "2026-02-23T10:22:04.174103", "level": "INFO", "logger": "request_logger", "message": "Completed", "request_id": "0afb2dfa", "method": "GET", "url": "http://localhost:8000/health", "status_code": 200, "duration_ms": 1.2}
{"timestamp": "2026-02-23T10:22:04.379036", "level": "INFO", "logger": "request_logger", "message": "Incoming request", "request_id": "7b9932ca", "method": "GET", "url": "http://localhost:8000/health"}
{"timestamp": "2026-02-23T10:22:04.380814", "level": "INFO", "logger": "request_logger", "message": "Completed", "request_id": "7b9932ca", "method": "GET", "url": "http://localhost:8000/health", "status_code": 200, "duration_ms": 1.86}
{"timestamp": "2026-02-23T10:22:04.595134", "level": "INFO", "logger": "request_logger", "message": "Incoming request", "request_id": "ca736881", "method": "GET", "url": "http://localhost:8000/health"}
{"timestamp": "2026-02-23T10:22:04.596811", "level": "INFO", "logger": "request_logger", "message": "Completed", "request_id": "ca736881", "method": "GET", "url": "http://localhost:8000/health", "status_code": 200, "duration_ms": 1.77}
{"timestamp": "2026-02-23T10:22:04.785747", "level": "INFO", "logger": "request_logger", "message": "Incoming request", "request_id": "10a8924d", "method": "GET", "url": "http://localhost:8000/health"}
{"timestamp": "2026-02-23T10:22:04.786887", "level": "INFO", "logger": "request_logger", "message": "Completed", "request_id": "10a8924d", "method": "GET", "url": "http://localhost:8000/health", "status_code": 200, "duration_ms": 1.22}
{"timestamp": "2026-02-23T10:22:05.001879", "level": "INFO", "logger": "request_logger", "message": "Incoming request", "request_id": "000a43c9", "method": "GET", "url": "http://localhost:8000/health"}
{"timestamp": "2026-02-23T10:22:05.003963", "level": "INFO", "logger": "request_logger", "message": "Completed", "request_id": "000a43c9", "method": "GET", "url": "http://localhost:8000/health", "status_code": 200, "duration_ms": 2.13}
{"timestamp": "2026-02-23T10:22:05.202912", "level": "INFO", "logger": "request_logger", "message": "Incoming request", "request_id": "b41cf86e", "method": "GET", "url": "http://localhost:8000/health"}
{"timestamp": "2026-02-23T10:22:05.204290", "level": "INFO", "logger": "request_logger", "message": "Completed", "request_id": "b41cf86e", "method": "GET", "url": "http://localhost:8000/health", "status_code": 200, "duration_ms": 1.46}
{"timestamp": "2026-02-23T10:22:05.410855", "level": "INFO", "logger": "request_logger", "message": "Incoming request", "request_id": "030fa1e6", "method": "GET", "url": "http://localhost:8000/health"}
{"timestamp": "2026-02-23T10:22:05.412145", "level": "INFO", "logger": "request_logger", "message": "Completed", "request_id": "030fa1e6", "method": "GET", "url": "http://localhost:8000/health", "status_code": 200, "duration_ms": 1.43}
{"timestamp": "2026-02-23T10:22:05.615910", "level": "INFO", "logger": "request_logger", "message": "Incoming request", "request_id": "4d2d1fea", "method": "GET", "url": "http://localhost:8000/health"}
{"timestamp": "2026-02-23T10:22:05.617524", "level": "INFO", "logger": "request_logger", "message": "Completed", "request_id": "4d2d1fea", "method": "GET", "url": "http://localhost:8000/health", "status_code": 200, "duration_ms": 1.68}
{"timestamp": "2026-02-23T10:22:05.819376", "level": "INFO", "logger": "request_logger", "message": "Incoming request", "request_id": "1a8eb4c8", "method": "GET", "url": "http://localhost:8000/health"}
{"timestamp": "2026-02-23T10:22:05.821807", "level": "INFO", "logger": "request_logger", "message": "Completed", "request_id": "1a8eb4c8", "method": "GET", "url": "http://localhost:8000/health", "status_code": 200, "duration_ms": 2.45}
{"timestamp": "2026-02-23T10:22:06.023410", "level": "INFO", "logger": "request_logger", "message": "Incoming request", "request_id": "cd12cf77", "method": "GET", "url": "http://localhost:8000/health"}
{"timestamp": "2026-02-23T10:22:06.025410", "level": "INFO", "logger": "request_logger", "message": "Completed", "request_id": "cd12cf77", "method": "GET", "url": "http://localhost:8000/health", "status_code": 200, "duration_ms": 2.03}
{"timestamp": "2026-02-23T10:22:06.236616", "level": "INFO", "logger": "request_logger", "message": "Incoming request", "request_id": "bd2b0335", "method": "GET", "url": "http://localhost:8000/health"}
{"timestamp": "2026-02-23T10:22:06.238723", "level": "INFO", "logger": "request_logger", "message": "Completed", "request_id": "bd2b0335", "method": "GET", "url": "http://localhost:8000/health", "status_code": 200, "duration_ms": 2.19}
{"timestamp": "2026-02-23T10:22:06.441524", "level": "INFO", "logger": "request_logger", "message": "Incoming request", "request_id": "212ba454", "method": "GET", "url": "http://localhost:8000/health"}
{"timestamp": "2026-02-23T10:22:06.443457", "level": "INFO", "logger": "request_logger", "message": "Completed", "request_id": "212ba454", "method": "GET", "url": "http://localhost:8000/health", "status_code": 200, "duration_ms": 2.04}
{"timestamp": "2026-02-23T10:22:06.646656", "level": "INFO", "logger": "request_logger", "message": "Incoming request", "request_id": "b709e390", "method": "GET", "url": "http://localhost:8000/health"}
{"timestamp": "2026-02-23T10:22:06.647654", "level": "INFO", "logger": "request_logger", "message": "Completed", "request_id": "b709e390", "method": "GET", "url": "http://localhost:8000/health", "status_code": 200, "duration_ms": 1.08}
{"timestamp": "2026-02-23T10:22:06.850466", "level": "INFO", "logger": "request_logger", "message": "Incoming request", "request_id": "5a6f6e81", "method": "GET", "url": "http://localhost:8000/health"}
{"timestamp": "2026-02-23T10:22:06.852273", "level": "INFO", "logger": "request_logger", "message": "Completed", "request_id": "5a6f6e81", "method": "GET", "url": "http://localhost:8000/health", "status_code": 200, "duration_ms": 2.17}
{"timestamp": "2026-02-23T10:22:07.057293", "level": "INFO", "logger": "request_logger", "message": "Incoming request", "request_id": "69dfb998", "method": "GET", "url": "http://localhost:8000/health"}
{"timestamp": "2026-02-23T10:22:07.057773", "level": "INFO", "logger": "request_logger", "message": "Completed", "request_id": "69dfb998", "method": "GET", "url": "http://localhost:8000/health", "status_code": 200, "duration_ms": 0.5}
{"timestamp": "2026-02-23T10:22:07.270350", "level": "INFO", "logger": "request_logger", "message": "Incoming request", "request_id": "33c90745", "method": "GET", "url": "http://localhost:8000/health"}
{"timestamp": "2026-02-23T10:22:07.272358", "level": "INFO", "logger": "request_logger", "message": "Completed", "request_id": "33c90745", "method": "GET", "url": "http://localhost:8000/health", "status_code": 200, "duration_ms": 1.95}
{"timestamp": "2026-02-23T10:22:07.473846", "level": "INFO", "logger": "request_logger", "message": "Incoming request", "request_id": "7a0e2893", "method": "GET", "url": "http://localhost:8000/health"}
{"timestamp": "2026-02-23T10:22:07.475439", "level": "INFO", "logger": "request_logger", "message": "Completed", "request_id": "7a0e2893", "method": "GET", "url": "http://localhost:8000/health", "status_code": 200, "duration_ms": 1.67}
{"timestamp": "2026-02-23T10:22:07.677402", "level": "INFO", "logger": "request_logger", "message": "Incoming request", "request_id": "e1248b3e", "method": "GET", "url": "http://localhost:8000/health"}
{"timestamp": "2026-02-23T10:22:07.679539", "level": "INFO", "logger": "request_logger", "message": "Completed", "request_id": "e1248b3e", "method": "GET", "url": "http://localhost:8000/health", "status_code": 200, "duration_ms": 2.3}
{"timestamp": "2026-02-23T10:22:07.885030", "level": "INFO", "logger": "request_logger", "message": "Incoming request", "request_id": "e5fcab26", "method": "GET", "url": "http://localhost:8000/health"}
{"timestamp": "2026-02-23T10:22:07.887800", "level": "INFO", "logger": "request_logger", "message": "Completed", "request_id": "e5fcab26", "method": "GET", "url": "http://localhost:8000/health", "status_code": 200, "duration_ms": 2.86}
{"timestamp": "2026-02-23T10:22:08.089968", "level": "INFO", "logger": "request_logger", "message": "Incoming request", "request_id": "8552ef9d", "method": "GET", "url": "http://localhost:8000/health"}
{"timestamp": "2026-02-23T10:22:08.091989", "level": "INFO", "logger": "request_logger", "message": "Completed", "request_id": "8552ef9d", "method": "GET", "url": "http://localhost:8000/health", "status_code": 200, "duration_ms": 2.07}
{"timestamp": "2026-02-23T10:22:08.296523", "level": "INFO", "logger": "request_logger", "message": "Incoming request", "request_id": "34a0d8b5", "method": "GET", "url": "http://localhost:8000/health"}
{"timestamp": "2026-02-23T10:22:08.298422", "level": "INFO", "logger": "request_logger", "message": "Completed", "request_id": "34a0d8b5", "method": "GET", "url": "http://localhost:8000/health", "status_code": 200, "duration_ms": 2.05}
{"timestamp": "2026-02-23T10:22:08.494697", "level": "INFO", "logger": "request_logger", "message": "Incoming request", "request_id": "6880af44", "method": "GET", "url": "http://localhost:8000/health"}
{"timestamp": "2026-02-23T10:22:08.496375", "level": "INFO", "logger": "request_logger", "message": "Completed", "request_id": "6880af44", "method": "GET", "url": "http://localhost:8000/health", "status_code": 200, "duration_ms": 1.69}
{"timestamp": "2026-02-23T10:22:08.706189", "level": "INFO", "logger": "request_logger", "message": "Incoming request", "request_id": "74f93949", "method": "GET", "url": "http://localhost:8000/health"}
{"timestamp": "2026-02-23T10:22:08.708483", "level": "INFO", "logger": "request_logger", "message": "Completed", "request_id": "74f93949", "method": "GET", "url": "http://localhost:8000/health", "status_code": 200, "duration_ms": 2.47}
{"timestamp": "2026-02-23T10:22:08.915473", "level": "INFO", "logger": "request_logger", "message": "Incoming request", "request_id": "d02961e2", "method": "GET", "url": "http://localhost:8000/health"}
{"timestamp": "2026-02-23T10:22:08.916992", "level": "INFO", "logger": "request_logger", "message": "Completed", "request_id": "d02961e2", "method": "GET", "url": "http://localhost:8000/health", "status_code": 200, "duration_ms": 1.56}
{"timestamp": "2026-02-23T10:22:09.125212", "level": "INFO", "logger": "request_logger", "message": "Incoming request", "request_id": "671c2b6f", "method": "GET", "url": "http://localhost:8000/health"}
{"timestamp": "2026-02-23T10:22:09.127226", "level": "INFO", "logger": "request_logger", "message": "Completed", "request_id": "671c2b6f", "method": "GET", "url": "http://localhost:8000/health", "status_code": 200, "duration_ms": 2.09}
{"timestamp": "2026-02-23T10:22:09.329891", "level": "INFO", "logger": "request_logger", "message": "Incoming request", "request_id": "c411de8e", "method": "GET", "url": "http://localhost:8000/health"}
{"timestamp": "2026-02-23T10:22:09.331267", "level": "INFO", "logger": "request_logger", "message": "Completed", "request_id": "c411de8e", "method": "GET", "url": "http://localhost:8000/health", "status_code": 200, "duration_ms": 1.44}
{"timestamp": "2026-02-23T10:22:09.532197", "level": "INFO", "logger": "request_logger", "message": "Incoming request", "request_id": "090673a6", "method": "GET", "url": "http://localhost:8000/health"}
{"timestamp": "2026-02-23T10:22:09.533682", "level": "INFO", "logger": "request_logger", "message": "Completed", "request_id": "090673a6", "method": "GET", "url": "http://localhost:8000/health", "status_code": 200, "duration_ms": 1.58}
{"timestamp": "2026-02-23T10:22:09.734606", "level": "INFO", "logger": "request_logger", "message": "Incoming request", "request_id": "0cfd00e7", "method": "GET", "url": "http://localhost:8000/health"}
{"timestamp": "2026-02-23T10:22:09.735484", "level": "INFO", "logger": "request_logger", "message": "Completed", "request_id": "0cfd00e7", "method": "GET", "url": "http://localhost:8000/health", "status_code": 200, "duration_ms": 0.89}
{"timestamp": "2026-02-23T10:22:09.945016", "level": "INFO", "logger": "request_logger", "message": "Incoming request", "request_id": "cfcfa427", "method": "GET", "url": "http://localhost:8000/health"}
{"timestamp": "2026-02-23T10:22:09.945642", "level": "INFO", "logger": "request_logger", "message": "Completed", "request_id": "cfcfa427", "method": "GET", "url": "http://localhost:8000/health", "status_code": 200, "duration_ms": 0.64}
{"timestamp": "2026-02-23T10:22:10.155079", "level": "INFO", "logger": "request_logger", "message": "Incoming request", "request_id": "2fadba09", "method": "GET", "url": "http://localhost:8000/health"}
{"timestamp": "2026-02-23T10:22:10.155931", "level": "INFO", "logger": "request_logger", "message": "Completed", "request_id": "2fadba09", "method": "GET", "url": "http://localhost:8000/health", "status_code": 200, "duration_ms": 0.88}
{"timestamp": "2026-02-23T10:22:10.365961", "level": "INFO", "logger": "request_logger", "message": "Incoming request", "request_id": "3775de18", "method": "GET", "url": "http://localhost:8000/health"}
{"timestamp": "2026-02-23T10:22:10.368341", "level": "INFO", "logger": "request_logger", "message": "Completed", "request_id": "3775de18", "method": "GET", "url": "http://localhost:8000/health", "status_code": 200, "duration_ms": 2.26}
{"timestamp": "2026-02-23T10:22:10.579593", "level": "INFO", "logger": "request_logger", "message": "Incoming request", "request_id": "c8918276", "method": "GET", "url": "http://localhost:8000/health"}
{"timestamp": "2026-02-23T10:22:10.581989", "level": "INFO", "logger": "request_logger", "message": "Completed", "request_id": "c8918276", "method": "GET", "url": "http://localhost:8000/health", "status_code": 200, "duration_ms": 3.24}
{"timestamp": "2026-02-23T10:22:10.778405", "level": "INFO", "logger": "request_logger", "message": "Incoming request", "request_id": "cc9c037c", "method": "GET", "url": "http://localhost:8000/health"}
{"timestamp": "2026-02-23T10:22:10.799845", "level": "INFO", "logger": "request_logger", "message": "Completed", "request_id": "cc9c037c", "method": "GET", "url": "http://localhost:8000/health", "status_code": 200, "duration_ms": 21.5}
{"timestamp": "2026-02-23T10:22:10.983290", "level": "INFO", "logger": "request_logger", "message": "Incoming request", "request_id": "b4cd2ec7", "method": "GET", "url": "http://localhost:8000/health"}
{"timestamp": "2026-02-23T10:22:10.984107", "level": "INFO", "logger": "request_logger", "message": "Completed", "request_id": "b4cd2ec7", "method": "GET", "url": "http://localhost:8000/health", "status_code": 200, "duration_ms": 0.84}
{"timestamp": "2026-02-23T10:22:11.195404", "level": "INFO", "logger": "request_logger", "message": "Incoming request", "request_id": "4f4fae86", "method": "GET", "url": "http://localhost:8000/health"}
{"timestamp": "2026-02-23T10:22:11.197298", "level": "INFO", "logger": "request_logger", "message": "Completed", "request_id": "4f4fae86", "method": "GET", "url": "http://localhost:8000/health", "status_code": 200, "duration_ms": 2.25}
{"timestamp": "2026-02-23T10:22:11.391228", "level": "INFO", "logger": "request_logger", "message": "Incoming request", "request_id": "d0d4c09c", "method": "GET", "url": "http://localhost:8000/health"}
{"timestamp": "2026-02-23T10:22:11.392536", "level": "INFO", "logger": "request_logger", "message": "Completed", "request_id": "d0d4c09c", "method": "GET", "url": "http://localhost:8000/health", "status_code": 200, "duration_ms": 1.36}
{"timestamp": "2026-02-23T10:22:11.603218", "level": "INFO", "logger": "request_logger", "message": "Incoming request", "request_id": "14a5c228", "method": "GET", "url": "http://localhost:8000/health"}
{"timestamp": "2026-02-23T10:22:11.603888", "level": "INFO", "logger": "request_logger", "message": "Completed", "request_id": "14a5c228", "method": "GET", "url": "http://localhost:8000/health", "status_code": 200, "duration_ms": 0.69}
{"timestamp": "2026-02-23T10:22:11.809105", "level": "INFO", "logger": "request_logger", "message": "Incoming request", "request_id": "981299b8", "method": "GET", "url": "http://localhost:8000/health"}
{"timestamp": "2026-02-23T10:22:11.810044", "level": "INFO", "logger": "request_logger", "message": "Completed", "request_id": "981299b8", "method": "GET", "url": "http://localhost:8000/health", "status_code": 200, "duration_ms": 0.95}
{"timestamp": "2026-02-23T10:22:12.016071", "level": "INFO", "logger": "request_logger", "message": "Incoming request", "request_id": "09d4fb8c", "method": "GET", "url": "http://localhost:8000/health"}
{"timestamp": "2026-02-23T10:22:12.016543", "level": "INFO", "logger": "request_logger", "message": "Completed", "request_id": "09d4fb8c", "method": "GET", "url": "http://localhost:8000/health", "status_code": 200, "duration_ms": 0.49}
{"timestamp": "2026-02-23T10:22:12.237945", "level": "INFO", "logger": "request_logger", "message": "Incoming request", "request_id": "03a49096", "method": "GET", "url": "http://localhost:8000/health"}
{"timestamp": "2026-02-23T10:22:12.242426", "level": "INFO", "logger": "request_logger", "message": "Completed", "request_id": "03a49096", "method": "GET", "url": "http://localhost:8000/health", "status_code": 200, "duration_ms": 4.49}
{"timestamp": "2026-02-23T10:22:12.436562", "level": "INFO", "logger": "request_logger", "message": "Incoming request", "request_id": "c2897778", "method": "GET", "url": "http://localhost:8000/health"}
{"timestamp": "2026-02-23T10:22:12.437067", "level": "INFO", "logger": "request_logger", "message": "Completed", "request_id": "c2897778", "method": "GET", "url": "http://localhost:8000/health", "status_code": 200, "duration_ms": 0.52}
{"timestamp": "2026-02-23T10:22:12.740123", "level": "INFO", "logger": "request_logger", "message": "Incoming request", "request_id": "1d169aef", "method": "GET", "url": "http://localhost:8000/health"}
{"timestamp": "2026-02-23T10:22:12.741385", "level": "INFO", "logger": "request_logger", "message": "Completed", "request_id": "1d169aef", "method": "GET", "url": "http://localhost:8000/health", "status_code": 200, "duration_ms": 1.31}
{"timestamp": "2026-02-23T10:22:12.952154", "level": "INFO", "logger": "request_logger", "message": "Incoming request", "request_id": "f3cf551e", "method": "GET", "url": "http://localhost:8000/health"}
{"timestamp": "2026-02-23T10:22:12.953526", "level": "INFO", "logger": "request_logger", "message": "Completed", "request_id": "f3cf551e", "method": "GET", "url": "http://localhost:8000/health", "status_code": 200, "duration_ms": 1.38}
{"timestamp": "2026-02-23T10:22:13.162075", "level": "INFO", "logger": "request_logger", "message": "Incoming request", "request_id": "2129af9f", "method": "GET", "url": "http://localhost:8000/health"}
{"timestamp": "2026-02-23T10:22:13.164448", "level": "INFO", "logger": "request_logger", "message": "Completed", "request_id": "2129af9f", "method": "GET", "url": "http://localhost:8000/health", "status_code": 200, "duration_ms": 2.36}
{"timestamp": "2026-02-23T10:22:13.410680", "level": "INFO", "logger": "request_logger", "message": "Incoming request", "request_id": "ed232e89", "method": "GET", "url": "http://localhost:8000/health"}
{"timestamp": "2026-02-23T10:22:13.411685", "level": "INFO", "logger": "request_logger", "message": "Completed", "request_id": "ed232e89", "method": "GET", "url": "http://localhost:8000/health", "status_code": 200, "duration_ms": 1.07}
{"timestamp": "2026-02-23T10:22:13.573476", "level": "INFO", "logger": "request_logger", "message": "Incoming request", "request_id": "cc4c8a0b", "method": "GET", "url": "http://localhost:8000/health"}
{"timestamp": "2026-02-23T10:22:13.574959", "level": "INFO", "logger": "request_logger", "message": "Completed", "request_id": "cc4c8a0b", "method": "GET", "url": "http://localhost:8000/health", "status_code": 200, "duration_ms": 1.51}
{"timestamp": "2026-02-23T10:22:13.783356", "level": "INFO", "logger": "request_logger", "message": "Incoming request", "request_id": "b74cca9a", "method": "GET", "url": "http://localhost:8000/health"}
{"timestamp": "2026-02-23T10:22:13.785505", "level": "INFO", "logger": "request_logger", "message": "Completed", "request_id": "b74cca9a", "method": "GET", "url": "http://localhost:8000/health", "status_code": 200, "duration_ms": 2.21}
{"timestamp": "2026-02-23T10:22:13.989598", "level": "INFO", "logger": "request_logger", "message": "Incoming request", "request_id": "70d6e4c3", "method": "GET", "url": "http://localhost:8000/health"}
{"timestamp": "2026-02-23T10:22:13.990971", "level": "INFO", "logger": "request_logger", "message": "Completed", "request_id": "70d6e4c3", "method": "GET", "url": "http://localhost:8000/health", "status_code": 200, "duration_ms": 2.03}
{"timestamp": "2026-02-23T10:22:14.199235", "level": "INFO", "logger": "request_logger", "message": "Incoming request", "request_id": "498850f9", "method": "GET", "url": "http://localhost:8000/health"}
{"timestamp": "2026-02-23T10:22:14.201517", "level": "INFO", "logger": "request_logger", "message": "Completed", "request_id": "498850f9", "method": "GET", "url": "http://localhost:8000/health", "status_code": 200, "duration_ms": 2.42}
{"timestamp": "2026-02-23T10:22:14.416099", "level": "INFO", "logger": "request_logger", "message": "Incoming request", "request_id": "f740128d", "method": "GET", "url": "http://localhost:8000/health"}
{"timestamp": "2026-02-23T10:22:14.417857", "level": "INFO", "logger": "request_logger", "message": "Completed", "request_id": "f740128d", "method": "GET", "url": "http://localhost:8000/health", "status_code": 200, "duration_ms": 1.88}
{"timestamp": "2026-02-23T10:22:14.611799", "level": "INFO", "logger": "request_logger", "message": "Incoming request", "request_id": "d0eddba7", "method": "GET", "url": "http://localhost:8000/health"}
{"timestamp": "2026-02-23T10:22:14.613798", "level": "INFO", "logger": "request_logger", "message": "Completed", "request_id": "d0eddba7", "method": "GET", "url": "http://localhost:8000/health", "status_code": 200, "duration_ms": 2.05}
{"timestamp": "2026-02-23T10:22:14.732508", "level": "INFO", "logger": "request_logger", "message": "Incoming request", "request_id": "76027ace", "method": "GET", "url": "http://localhost:8000/health"}
{"timestamp": "2026-02-23T10:22:14.734225", "level": "INFO", "logger": "request_logger", "message": "Completed", "request_id": "76027ace", "method": "GET", "url": "http://localhost:8000/health", "status_code": 200, "duration_ms": 1.77}
{"timestamp": "2026-02-23T10:22:14.921550", "level": "INFO", "logger": "request_logger", "message": "Incoming request", "request_id": "cd4acbc6", "method": "GET", "url": "http://localhost:8000/health"}
{"timestamp": "2026-02-23T10:22:14.923160", "level": "INFO", "logger": "request_logger", "message": "Completed", "request_id": "cd4acbc6", "method": "GET", "url": "http://localhost:8000/health", "status_code": 200, "duration_ms": 1.66}
{"timestamp": "2026-02-23T10:22:15.125987", "level": "INFO", "logger": "request_logger", "message": "Incoming request", "request_id": "39674995", "method": "GET", "url": "http://localhost:8000/health"}
{"timestamp": "2026-02-23T10:22:15.128037", "level": "INFO", "logger": "request_logger", "message": "Completed", "request_id": "39674995", "method": "GET", "url": "http://localhost:8000/health", "status_code": 200, "duration_ms": 2.19}
{"timestamp": "2026-02-23T10:22:15.287952", "level": "INFO", "logger": "request_logger", "message": "Incoming request", "request_id": "a69e718a", "method": "GET", "url": "http://localhost:8000/health"}
{"timestamp": "2026-02-23T10:22:15.289674", "level": "INFO", "logger": "request_logger", "message": "Completed", "request_id": "a69e718a", "method": "GET", "url": "http://localhost:8000/health", "status_code": 200, "duration_ms": 1.75}
{"timestamp": "2026-02-23T10:22:15.429789", "level": "INFO", "logger": "request_logger", "message": "Incoming request", "request_id": "c4c2addb", "method": "GET", "url": "http://localhost:8000/health"}
{"timestamp": "2026-02-23T10:22:15.432141", "level": "INFO", "logger": "request_logger", "message": "Completed", "request_id": "c4c2addb", "method": "GET", "url": "http://localhost:8000/health", "status_code": 200, "duration_ms": 2.35}
{"timestamp": "2026-02-23T10:22:15.633136", "level": "INFO", "logger": "request_logger", "message": "Incoming request", "request_id": "b237b66a", "method": "GET", "url": "http://localhost:8000/health"}
{"timestamp": "2026-02-23T10:22:15.637913", "level": "INFO", "logger": "request_logger", "message": "Completed", "request_id": "b237b66a", "method": "GET", "url": "http://localhost:8000/health", "status_code": 200, "duration_ms": 4.79}
{"timestamp": "2026-02-23T10:22:15.838473", "level": "INFO", "logger": "request_logger", "message": "Incoming request", "request_id": "49b34929", "method": "GET", "url": "http://localhost:8000/health"}
{"timestamp": "2026-02-23T10:22:15.839575", "level": "INFO", "logger": "request_logger", "message": "Completed", "request_id": "49b34929", "method": "GET", "url": "http://localhost:8000/health", "status_code": 200, "duration_ms": 1.22}
{"timestamp": "2026-02-23T10:22:16.050621", "level": "INFO", "logger": "request_logger", "message": "Incoming request", "request_id": "deabd5e7", "method": "GET", "url": "http://localhost:8000/health"}
{"timestamp": "2026-02-23T10:22:16.052370", "level": "INFO", "logger": "request_logger", "message": "Completed", "request_id": "deabd5e7", "method": "GET", "url": "http://localhost:8000/health", "status_code": 200, "duration_ms": 1.79}
{"timestamp": "2026-02-23T10:22:16.287424", "level": "INFO", "logger": "request_logger", "message": "Incoming request", "request_id": "9c2d6202", "method": "GET", "url": "http://localhost:8000/health"}
{"timestamp": "2026-02-23T10:22:16.290682", "level": "INFO", "logger": "request_logger", "message": "Completed", "request_id": "9c2d6202", "method": "GET", "url": "http://localhost:8000/health", "status_code": 200, "duration_ms": 3.15}
{"timestamp": "2026-02-23T10:22:16.460710", "level": "INFO", "logger": "request_logger", "message": "Incoming request", "request_id": "74efc484", "method": "GET", "url": "http://localhost:8000/health"}
{"timestamp": "2026-02-23T10:22:16.461782", "level": "INFO", "logger": "request_logger", "message": "Completed", "request_id": "74efc484", "method": "GET", "url": "http://localhost:8000/health", "status_code": 200, "duration_ms": 1.1}
{"timestamp": "2026-02-23T10:22:16.680707", "level": "INFO", "logger": "request_logger", "message": "Incoming request", "request_id": "f5d93d29", "method": "GET", "url": "http://localhost:8000/health"}
{"timestamp": "2026-02-23T10:22:16.682227", "level": "INFO", "logger": "request_logger", "message": "Completed", "request_id": "f5d93d29", "method": "GET", "url": "http://localhost:8000/health", "status_code": 200, "duration_ms": 1.51}
{"timestamp": "2026-02-23T10:22:16.884865", "level": "INFO", "logger": "request_logger", "message": "Incoming request", "request_id": "9df32143", "method": "GET", "url": "http://localhost:8000/health"}
{"timestamp": "2026-02-23T10:22:16.886121", "level": "INFO", "logger": "request_logger", "message": "Completed", "request_id": "9df32143", "method": "GET", "url": "http://localhost:8000/health", "status_code": 200, "duration_ms": 1.29}
{"timestamp": "2026-02-23T10:22:17.096534", "level": "INFO", "logger": "request_logger", "message": "Incoming request", "request_id": "a655393b", "method": "GET", "url": "http://localhost:8000/health"}
{"timestamp": "2026-02-23T10:22:17.098723", "level": "INFO", "logger": "request_logger", "message": "Completed", "request_id": "a655393b", "method": "GET", "url": "http://localhost:8000/health", "status_code": 200, "duration_ms": 2.22}
{"timestamp": "2026-02-23T10:22:17.312389", "level": "INFO", "logger": "request_logger", "message": "Incoming request", "request_id": "4c40e5f6", "method": "GET", "url": "http://localhost:8000/health"}
{"timestamp": "2026-02-23T10:22:17.315359", "level": "INFO", "logger": "request_logger", "message": "Completed", "request_id": "4c40e5f6", "method": "GET", "url": "http://localhost:8000/health", "status_code": 200, "duration_ms": 2.8}
{"timestamp": "2026-02-23T10:22:17.511690", "level": "INFO", "logger": "request_logger", "message": "Incoming request", "request_id": "05b30bc0", "method": "GET", "url": "http://localhost:8000/health"}
{"timestamp": "2026-02-23T10:22:17.512518", "level": "INFO", "logger": "request_logger", "message": "Completed", "request_id": "05b30bc0", "method": "GET", "url": "http://localhost:8000/health", "status_code": 200, "duration_ms": 0.85}
{"timestamp": "2026-02-23T10:22:17.721794", "level": "INFO", "logger": "request_logger", "message": "Incoming request", "request_id": "c5478ea4", "method": "GET", "url": "http://localhost:8000/health"}
{"timestamp": "2026-02-23T10:22:17.723347", "level": "INFO", "logger": "request_logger", "message": "Completed", "request_id": "c5478ea4", "method": "GET", "url": "http://localhost:8000/health", "status_code": 200, "duration_ms": 1.62}
{"timestamp": "2026-02-23T10:22:17.930271", "level": "INFO", "logger": "request_logger", "message": "Incoming request", "request_id": "482e287d", "method": "GET", "url": "http://localhost:8000/health"}
{"timestamp": "2026-02-23T10:22:17.931699", "level": "INFO", "logger": "request_logger", "message": "Completed", "request_id": "482e287d", "method": "GET", "url": "http://localhost:8000/health", "status_code": 200, "duration_ms": 1.51}
{"timestamp": "2026-02-23T10:22:18.135540", "level": "INFO", "logger": "request_logger", "message": "Incoming request", "request_id": "4887f8d0", "method": "GET", "url": "http://localhost:8000/health"}
{"timestamp": "2026-02-23T10:22:18.137318", "level": "INFO", "logger": "request_logger", "message": "Completed", "request_id": "4887f8d0", "method": "GET", "url": "http://localhost:8000/health", "status_code": 200, "duration_ms": 1.82}
{"timestamp": "2026-02-23T10:22:18.339088", "level": "INFO", "logger": "request_logger", "message": "Incoming request", "request_id": "bd8a8d84", "method": "GET", "url": "http://localhost:8000/health"}
{"timestamp": "2026-02-23T10:22:18.340473", "level": "INFO", "logger": "request_logger", "message": "Completed", "request_id": "bd8a8d84", "method": "GET", "url": "http://localhost:8000/health", "status_code": 200, "duration_ms": 1.48}
{"timestamp": "2026-02-23T10:22:18.552174", "level": "INFO", "logger": "request_logger", "message": "Incoming request", "request_id": "68f976db", "method": "GET", "url": "http://localhost:8000/health"}
{"timestamp": "2026-02-23T10:22:18.553900", "level": "INFO", "logger": "request_logger", "message": "Completed", "request_id": "68f976db", "method": "GET", "url": "http://localhost:8000/health", "status_code": 200, "duration_ms": 1.81}
{"timestamp": "2026-02-23T10:22:18.760776", "level": "INFO", "logger": "request_logger", "message": "Incoming request", "request_id": "d3dbce7e", "method": "GET", "url": "http://localhost:8000/health"}
{"timestamp": "2026-02-23T10:22:18.761758", "level": "INFO", "logger": "request_logger", "message": "Completed", "request_id": "d3dbce7e", "method": "GET", "url": "http://localhost:8000/health", "status_code": 200, "duration_ms": 1.01}
{"timestamp": "2026-02-23T10:22:18.953521", "level": "INFO", "logger": "request_logger", "message": "Incoming request", "request_id": "3d26ca21", "method": "GET", "url": "http://localhost:8000/health"}
{"timestamp": "2026-02-23T10:22:18.954829", "level": "INFO", "logger": "request_logger", "message": "Completed", "request_id": "3d26ca21", "method": "GET", "url": "http://localhost:8000/health", "status_code": 200, "duration_ms": 1.38}
{"timestamp": "2026-02-23T10:22:19.166592", "level": "INFO", "logger": "request_logger", "message": "Incoming request", "request_id": "3915b357", "method": "GET", "url": "http://localhost:8000/health"}
{"timestamp": "2026-02-23T10:22:19.169489", "level": "INFO", "logger": "request_logger", "message": "Completed", "request_id": "3915b357", "method": "GET", "url": "http://localhost:8000/health", "status_code": 200, "duration_ms": 2.97}
{"timestamp": "2026-02-23T10:22:19.375881", "level": "INFO", "logger": "request_logger", "message": "Incoming request", "request_id": "6bc3a483", "method": "GET", "url": "http://localhost:8000/health"}
{"timestamp": "2026-02-23T10:22:19.377485", "level": "INFO", "logger": "request_logger", "message": "Completed", "request_id": "6bc3a483", "method": "GET", "url": "http://localhost:8000/health", "status_code": 200, "duration_ms": 1.63}
{"timestamp": "2026-02-23T10:22:19.585928", "level": "INFO", "logger": "request_logger", "message": "Incoming request", "request_id": "3d71e130", "method": "GET", "url": "http://localhost:8000/health"}
{"timestamp": "2026-02-23T10:22:19.587136", "level": "INFO", "logger": "request_logger", "message": "Completed", "request_id": "3d71e130", "method": "GET", "url": "http://localhost:8000/health", "status_code": 200, "duration_ms": 1.21}
{"timestamp": "2026-02-23T10:22:19.785145", "level": "INFO", "logger": "request_logger", "message": "Incoming request", "request_id": "3060ac9f", "method": "GET", "url": "http://localhost:8000/health"}
{"timestamp": "2026-02-23T10:22:19.785996", "level": "INFO", "logger": "request_logger", "message": "Completed", "request_id": "3060ac9f", "method": "GET", "url": "http://localhost:8000/health", "status_code": 200, "duration_ms": 0.89}
{"timestamp": "2026-02-23T10:22:19.995819", "level": "INFO", "logger": "request_logger", "message": "Incoming request", "request_id": "f5b9218e", "method": "GET", "url": "http://localhost:8000/health"}
{"timestamp": "2026-02-23T10:22:19.997528", "level": "INFO", "logger": "request_logger", "message": "Completed", "request_id": "f5b9218e", "method": "GET", "url": "http://localhost:8000/health", "status_code": 200, "duration_ms": 1.8}
{"timestamp": "2026-02-23T10:22:20.239201", "level": "INFO", "logger": "request_logger", "message": "Incoming request", "request_id": "a53105be", "method": "GET", "url": "http://localhost:8000/health"}
{"timestamp": "2026-02-23T10:22:20.240115", "level": "INFO", "logger": "request_logger", "message": "Completed", "request_id": "a53105be", "method": "GET", "url": "http://localhost:8000/health", "status_code": 200, "duration_ms": 1.02}
{"timestamp": "2026-02-23T10:22:20.396557", "level": "INFO", "logger": "request_logger", "message": "Incoming request", "request_id": "edd9779d", "method": "GET", "url": "http://localhost:8000/health"}
{"timestamp": "2026-02-23T10:22:20.398105", "level": "INFO", "logger": "request_logger", "message": "Completed", "request_id": "edd9779d", "method": "GET", "url": "http://localhost:8000/health", "status_code": 200, "duration_ms": 1.53}
{"timestamp": "2026-02-23T10:22:20.617118", "level": "INFO", "logger": "request_logger", "message": "Incoming request", "request_id": "958ff902", "method": "GET", "url": "http://localhost:8000/health"}
{"timestamp": "2026-02-23T10:22:20.619892", "level": "INFO", "logger": "request_logger", "message": "Completed", "request_id": "958ff902", "method": "GET", "url": "http://localhost:8000/health", "status_code": 200, "duration_ms": 2.76}
{"timestamp": "2026-02-23T10:22:20.823352", "level": "INFO", "logger": "request_logger", "message": "Incoming request", "request_id": "48b71695", "method": "GET", "url": "http://localhost:8000/health"}
{"timestamp": "2026-02-23T10:22:20.825792", "level": "INFO", "logger": "request_logger", "message": "Completed", "request_id": "48b71695", "method": "GET", "url": "http://localhost:8000/health", "status_code": 200, "duration_ms": 2.62}
{"timestamp": "2026-02-23T10:22:21.018920", "level": "INFO", "logger": "request_logger", "message": "Incoming request", "request_id": "454d1951", "method": "GET", "url": "http://localhost:8000/health"}
{"timestamp": "2026-02-23T10:22:21.021095", "level": "INFO", "logger": "request_logger", "message": "Completed", "request_id": "454d1951", "method": "GET", "url": "http://localhost:8000/health", "status_code": 200, "duration_ms": 2.22}
{"timestamp": "2026-02-23T10:22:21.240671", "level": "INFO", "logger": "request_logger", "message": "Incoming request", "request_id": "83fa9532", "method": "GET", "url": "http://localhost:8000/health"}
{"timestamp": "2026-02-23T10:22:21.242245", "level": "INFO", "logger": "request_logger", "message": "Completed", "request_id": "83fa9532", "method": "GET", "url": "http://localhost:8000/health", "status_code": 200, "duration_ms": 1.66}
{"timestamp": "2026-02-23T10:22:21.436817", "level": "INFO", "logger": "request_logger", "message": "Incoming request", "request_id": "909cab35", "method": "GET", "url": "http://localhost:8000/health"}
{"timestamp": "2026-02-23T10:22:21.438505", "level": "INFO", "logger": "request_logger", "message": "Completed", "request_id": "909cab35", "method": "GET", "url": "http://localhost:8000/health", "status_code": 200, "duration_ms": 1.77}
{"timestamp": "2026-02-23T10:22:21.644607", "level": "INFO", "logger": "request_logger", "message": "Incoming request", "request_id": "d2870ff5", "method": "GET", "url": "http://localhost:8000/health"}
{"timestamp": "2026-02-23T10:22:21.646439", "level": "INFO", "logger": "request_logger", "message": "Completed", "request_id": "d2870ff5", "method": "GET", "url": "http://localhost:8000/health", "status_code": 200, "duration_ms": 2.32}
{"timestamp": "2026-02-23T10:22:21.871783", "level": "INFO", "logger": "request_logger", "message": "Incoming request", "request_id": "3b1b3343", "method": "GET", "url": "http://localhost:8000/health"}
{"timestamp": "2026-02-23T10:22:21.873379", "level": "INFO", "logger": "request_logger", "message": "Completed", "request_id": "3b1b3343", "method": "GET", "url": "http://localhost:8000/health", "status_code": 200, "duration_ms": 1.77}
{"timestamp": "2026-02-23T10:22:22.058502", "level": "INFO", "logger": "request_logger", "message": "Incoming request", "request_id": "f3a1fd23", "method": "GET", "url": "http://localhost:8000/health"}
{"timestamp": "2026-02-23T10:22:22.059014", "level": "INFO", "logger": "request_logger", "message": "Completed", "request_id": "f3a1fd23", "method": "GET", "url": "http://localhost:8000/health", "status_code": 200, "duration_ms": 0.53}
{"timestamp": "2026-02-23T10:22:22.331422", "level": "INFO", "logger": "request_logger", "message": "Incoming request", "request_id": "3dcfa7a1", "method": "GET", "url": "http://localhost:8000/health"}
{"timestamp": "2026-02-23T10:22:22.332828", "level": "INFO", "logger": "request_logger", "message": "Completed", "request_id": "3dcfa7a1", "method": "GET", "url": "http://localhost:8000/health", "status_code": 200, "duration_ms": 1.51}
{"timestamp": "2026-02-23T10:22:22.469358", "level": "INFO", "logger": "request_logger", "message": "Incoming request", "request_id": "c496fd5c", "method": "GET", "url": "http://localhost:8000/health"}
{"timestamp": "2026-02-23T10:22:22.470376", "level": "INFO", "logger": "request_logger", "message": "Completed", "request_id": "c496fd5c", "method": "GET", "url": "http://localhost:8000/health", "status_code": 200, "duration_ms": 1.09}
{"timestamp": "2026-02-23T10:22:22.687103", "level": "INFO", "logger": "request_logger", "message": "Incoming request", "request_id": "0e1de55f", "method": "GET", "url": "http://localhost:8000/health"}
{"timestamp": "2026-02-23T10:22:22.688833", "level": "INFO", "logger": "request_logger", "message": "Completed", "request_id": "0e1de55f", "method": "GET", "url": "http://localhost:8000/health", "status_code": 200, "duration_ms": 1.83}
{"timestamp": "2026-02-23T10:22:22.895358", "level": "INFO", "logger": "request_logger", "message": "Incoming request", "request_id": "4e5bcecf", "method": "GET", "url": "http://localhost:8000/health"}
{"timestamp": "2026-02-23T10:22:22.898328", "level": "INFO", "logger": "request_logger", "message": "Completed", "request_id": "4e5bcecf", "method": "GET", "url": "http://localhost:8000/health", "status_code": 200, "duration_ms": 3.08}
{"timestamp": "2026-02-23T10:22:22.992402", "level": "INFO", "logger": "request_logger", "message": "Incoming request", "request_id": "b532f561", "method": "GET", "url": "http://localhost:8000/docs"}
{"timestamp": "2026-02-23T10:22:22.992829", "level": "INFO", "logger": "request_logger", "message": "Completed", "request_id": "b532f561", "method": "GET", "url": "http://localhost:8000/docs", "status_code": 200, "duration_ms": 0.47}
{"timestamp": "2026-02-23T10:22:23.081426", "level": "INFO", "logger": "request_logger", "message": "Incoming request", "request_id": "f812808b", "method": "GET", "url": "http://localhost:8000/openapi.json"}
{"timestamp": "2026-02-23T10:22:23.093967", "level": "INFO", "logger": "request_logger", "message": "Completed", "request_id": "f812808b", "method": "GET", "url": "http://localhost:8000/openapi.json", "status_code": 200, "duration_ms": 12.57}
{"timestamp": "2026-02-23T10:22:23.094382", "level": "INFO", "logger": "request_logger", "message": "Incoming request", "request_id": "c96cdc33", "method": "GET", "url": "http://localhost:8000/health"}
{"timestamp": "2026-02-23T10:22:23.095289", "level": "INFO", "logger": "request_logger", "message": "Completed", "request_id": "c96cdc33", "method": "GET", "url": "http://localhost:8000/health", "status_code": 200, "duration_ms": 0.86}
{"timestamp": "2026-02-23T10:22:23.295145", "level": "INFO", "logger": "request_logger", "message": "Incoming request", "request_id": "2b0666e8", "method": "GET", "url": "http://localhost:8000/health"}
{"timestamp": "2026-02-23T10:22:23.296195", "level": "INFO", "logger": "request_logger", "message": "Completed", "request_id": "2b0666e8", "method": "GET", "url": "http://localhost:8000/health", "status_code": 200, "duration_ms": 1.09}
{"timestamp": "2026-02-23T10:22:23.512190", "level": "INFO", "logger": "request_logger", "message": "Incoming request", "request_id": "eccb5a40", "method": "GET", "url": "http://localhost:8000/health"}
{"timestamp": "2026-02-23T10:22:23.513709", "level": "INFO", "logger": "request_logger", "message": "Completed", "request_id": "eccb5a40", "method": "GET", "url": "http://localhost:8000/health", "status_code": 200, "duration_ms": 1.64}
{"timestamp": "2026-02-23T10:22:23.735580", "level": "INFO", "logger": "request_logger", "message": "Incoming request", "request_id": "504056b3", "method": "GET", "url": "http://localhost:8000/health"}
{"timestamp": "2026-02-23T10:22:23.737304", "level": "INFO", "logger": "request_logger", "message": "Completed", "request_id": "504056b3", "method": "GET", "url": "http://localhost:8000/health", "status_code": 200, "duration_ms": 1.83}
{"timestamp": "2026-02-23T10:22:23.927076", "level": "INFO", "logger": "request_logger", "message": "Incoming request", "request_id": "54730960", "method": "GET", "url": "http://localhost:8000/health"}
{"timestamp": "2026-02-23T10:22:23.928761", "level": "INFO", "logger": "request_logger", "message": "Completed", "request_id": "54730960", "method": "GET", "url": "http://localhost:8000/health", "status_code": 200, "duration_ms": 1.78}
{"timestamp": "2026-02-23T10:22:24.160042", "level": "INFO", "logger": "request_logger", "message": "Incoming request", "request_id": "d0714a55", "method": "GET", "url": "http://localhost:8000/health"}
{"timestamp": "2026-02-23T10:22:24.161759", "level": "INFO", "logger": "request_logger", "message": "Completed", "request_id": "d0714a55", "method": "GET", "url": "http://localhost:8000/health", "status_code": 200, "duration_ms": 1.82}
{"timestamp": "2026-02-23T10:22:24.356024", "level": "INFO", "logger": "request_logger", "message": "Incoming request", "request_id": "290dcdb1", "method": "GET", "url": "http://localhost:8000/health"}
{"timestamp": "2026-02-23T10:22:24.357391", "level": "INFO", "logger": "request_logger", "message": "Completed", "request_id": "290dcdb1", "method": "GET", "url": "http://localhost:8000/health", "status_code": 200, "duration_ms": 1.51}
{"timestamp": "2026-02-23T10:22:24.552532", "level": "INFO", "logger": "request_logger", "message": "Incoming request", "request_id": "aecf0c4b", "method": "GET", "url": "http://localhost:8000/health"}
{"timestamp": "2026-02-23T10:22:24.554167", "level": "INFO", "logger": "request_logger", "message": "Completed", "request_id": "aecf0c4b", "method": "GET", "url": "http://localhost:8000/health", "status_code": 200, "duration_ms": 1.72}
{"timestamp": "2026-02-23T10:22:24.833094", "level": "INFO", "logger": "request_logger", "message": "Incoming request", "request_id": "732bd63c", "method": "GET", "url": "http://localhost:8000/health"}
{"timestamp": "2026-02-23T10:22:24.834171", "level": "INFO", "logger": "request_logger", "message": "Completed", "request_id": "732bd63c", "method": "GET", "url": "http://localhost:8000/health", "status_code": 200, "duration_ms": 1.1}
{"timestamp": "2026-02-23T10:22:24.951187", "level": "INFO", "logger": "request_logger", "message": "Incoming request", "request_id": "9b27bf6d", "method": "GET", "url": "http://localhost:8000/health"}
{"timestamp": "2026-02-23T10:22:24.952196", "level": "INFO", "logger": "request_logger", "message": "Completed", "request_id": "9b27bf6d", "method": "GET", "url": "http://localhost:8000/health", "status_code": 200, "duration_ms": 1.08}
{"timestamp": "2026-02-23T10:22:25.155870", "level": "INFO", "logger": "request_logger", "message": "Incoming request", "request_id": "1d493836", "method": "GET", "url": "http://localhost:8000/health"}
{"timestamp": "2026-02-23T10:22:25.156819", "level": "INFO", "logger": "request_logger", "message": "Completed", "request_id": "1d493836", "method": "GET", "url": "http://localhost:8000/health", "status_code": 200, "duration_ms": 1.0}
{"timestamp": "2026-02-23T10:22:25.373612", "level": "INFO", "logger": "request_logger", "message": "Incoming request", "request_id": "c10d1dc7", "method": "GET", "url": "http://localhost:8000/health"}
{"timestamp": "2026-02-23T10:22:25.375239", "level": "INFO", "logger": "request_logger", "message": "Completed", "request_id": "c10d1dc7", "method": "GET", "url": "http://localhost:8000/health", "status_code": 200, "duration_ms": 1.69}
{"timestamp": "2026-02-23T10:22:25.578889", "level": "INFO", "logger": "request_logger", "message": "Incoming request", "request_id": "adfa4261", "method": "GET", "url": "http://localhost:8000/health"}
{"timestamp": "2026-02-23T10:22:25.580217", "level": "INFO", "logger": "request_logger", "message": "Completed", "request_id": "adfa4261", "method": "GET", "url": "http://localhost:8000/health", "status_code": 200, "duration_ms": 1.4}
{"timestamp": "2026-02-23T10:22:25.783975", "level": "INFO", "logger": "request_logger", "message": "Incoming request", "request_id": "6ee5da63", "method": "GET", "url": "http://localhost:8000/health"}
{"timestamp": "2026-02-23T10:22:25.785631", "level": "INFO", "logger": "request_logger", "message": "Completed", "request_id": "6ee5da63", "method": "GET", "url": "http://localhost:8000/health", "status_code": 200, "duration_ms": 1.73}
{"timestamp": "2026-02-23T10:22:25.988449", "level": "INFO", "logger": "request_logger", "message": "Incoming request", "request_id": "c22d90e2", "method": "GET", "url": "http://localhost:8000/health"}
{"timestamp": "2026-02-23T10:22:25.990183", "level": "INFO", "logger": "request_logger", "message": "Completed", "request_id": "c22d90e2", "method": "GET", "url": "http://localhost:8000/health", "status_code": 200, "duration_ms": 2.11}
{"timestamp": "2026-02-23T10:22:26.212500", "level": "INFO", "logger": "request_logger", "message": "Incoming request", "request_id": "8bee8609", "method": "GET", "url": "http://localhost:8000/health"}
{"timestamp": "2026-02-23T10:22:26.214507", "level": "INFO", "logger": "request_logger", "message": "Completed", "request_id": "8bee8609", "method": "GET", "url": "http://localhost:8000/health", "status_code": 200, "duration_ms": 2.14}
{"timestamp": "2026-02-23T10:22:26.387298", "level": "INFO", "logger": "request_logger", "message": "Incoming request", "request_id": "e7c24fb8", "method": "GET", "url": "http://localhost:8000/health"}
{"timestamp": "2026-02-23T10:22:26.388274", "level": "INFO", "logger": "request_logger", "message": "Completed", "request_id": "e7c24fb8", "method": "GET", "url": "http://localhost:8000/health", "status_code": 200, "duration_ms": 0.97}
{"timestamp": "2026-02-23T10:22:26.600774", "level": "INFO", "logger": "request_logger", "message": "Incoming request", "request_id": "3a63d59c", "method": "GET", "url": "http://localhost:8000/health"}
{"timestamp": "2026-02-23T10:22:26.602449", "level": "INFO", "logger": "request_logger", "message": "Completed", "request_id": "3a63d59c", "method": "GET", "url": "http://localhost:8000/health", "status_code": 200, "duration_ms": 1.76}
{"timestamp": "2026-02-23T10:22:26.806632", "level": "INFO", "logger": "request_logger", "message": "Incoming request", "request_id": "0db944ed", "method": "GET", "url": "http://localhost:8000/health"}
{"timestamp": "2026-02-23T10:22:26.807992", "level": "INFO", "logger": "request_logger", "message": "Completed", "request_id": "0db944ed", "method": "GET", "url": "http://localhost:8000/health", "status_code": 200, "duration_ms": 1.44}
{"timestamp": "2026-02-23T10:22:27.013733", "level": "INFO", "logger": "request_logger", "message": "Incoming request", "request_id": "9fffb3b8", "method": "GET", "url": "http://localhost:8000/health"}
{"timestamp": "2026-02-23T10:22:27.014604", "level": "INFO", "logger": "request_logger", "message": "Completed", "request_id": "9fffb3b8", "method": "GET", "url": "http://localhost:8000/health", "status_code": 200, "duration_ms": 0.93}
{"timestamp": "2026-02-23T10:22:27.226467", "level": "INFO", "logger": "request_logger", "message": "Incoming request", "request_id": "7fa57733", "method": "GET", "url": "http://localhost:8000/health"}
{"timestamp": "2026-02-23T10:22:27.228103", "level": "INFO", "logger": "request_logger", "message": "Completed", "request_id": "7fa57733", "method": "GET", "url": "http://localhost:8000/health", "status_code": 200, "duration_ms": 1.77}
{"timestamp": "2026-02-23T10:22:27.511486", "level": "INFO", "logger": "request_logger", "message": "Incoming request", "request_id": "5b1ff9a8", "method": "GET", "url": "http://localhost:8000/health"}
{"timestamp": "2026-02-23T10:22:27.512904", "level": "INFO", "logger": "request_logger", "message": "Completed", "request_id": "5b1ff9a8", "method": "GET", "url": "http://localhost:8000/health", "status_code": 200, "duration_ms": 1.58}
{"timestamp": "2026-02-23T10:22:27.735270", "level": "INFO", "logger": "request_logger", "message": "Incoming request", "request_id": "586ba84c", "method": "GET", "url": "http://localhost:8000/health"}
{"timestamp": "2026-02-23T10:22:27.736838", "level": "INFO", "logger": "request_logger", "message": "Completed", "request_id": "586ba84c", "method": "GET", "url": "http://localhost:8000/health", "status_code": 200, "duration_ms": 1.63}
{"timestamp": "2026-02-23T10:22:27.940157", "level": "INFO", "logger": "request_logger", "message": "Incoming request", "request_id": "c5adde9f", "method": "GET", "url": "http://localhost:8000/health"}
{"timestamp": "2026-02-23T10:22:27.941677", "level": "INFO", "logger": "request_logger", "message": "Completed", "request_id": "c5adde9f", "method": "GET", "url": "http://localhost:8000/health", "status_code": 200, "duration_ms": 1.62}
{"timestamp": "2026-02-23T10:22:28.141281", "level": "INFO", "logger": "request_logger", "message": "Incoming request", "request_id": "d2d79a78", "method": "GET", "url": "http://localhost:8000/health"}
{"timestamp": "2026-02-23T10:22:28.142664", "level": "INFO", "logger": "request_logger", "message": "Completed", "request_id": "d2d79a78", "method": "GET", "url": "http://localhost:8000/health", "status_code": 200, "duration_ms": 1.42}
{"timestamp": "2026-02-23T10:22:28.353318", "level": "INFO", "logger": "request_logger", "message": "Incoming request", "request_id": "1e25f604", "method": "GET", "url": "http://localhost:8000/health"}
{"timestamp": "2026-02-23T10:22:28.354857", "level": "INFO", "logger": "request_logger", "message": "Completed", "request_id": "1e25f604", "method": "GET", "url": "http://localhost:8000/health", "status_code": 200, "duration_ms": 1.62}
{"timestamp": "2026-02-23T10:22:28.562851", "level": "INFO", "logger": "request_logger", "message": "Incoming request", "request_id": "44dbfba3", "method": "GET", "url": "http://localhost:8000/health"}
{"timestamp": "2026-02-23T10:22:28.564462", "level": "INFO", "logger": "request_logger", "message": "Completed", "request_id": "44dbfba3", "method": "GET", "url": "http://localhost:8000/health", "status_code": 200, "duration_ms": 1.67}
{"timestamp": "2026-02-23T10:22:28.768290", "level": "INFO", "logger": "request_logger", "message": "Incoming request", "request_id": "1854f005", "method": "GET", "url": "http://localhost:8000/health"}
{"timestamp": "2026-02-23T10:22:28.769956", "level": "INFO", "logger": "request_logger", "message": "Completed", "request_id": "1854f005", "method": "GET", "url": "http://localhost:8000/health", "status_code": 200, "duration_ms": 2.4}
{"timestamp": "2026-02-23T10:22:28.979559", "level": "INFO", "logger": "request_logger", "message": "Incoming request", "request_id": "e80d59e5", "method": "GET", "url": "http://localhost:8000/health"}
{"timestamp": "2026-02-23T10:22:28.981887", "level": "INFO", "logger": "request_logger", "message": "Completed", "request_id": "e80d59e5", "method": "GET", "url": "http://localhost:8000/health", "status_code": 200, "duration_ms": 2.67}
{"timestamp": "2026-02-23T10:22:29.108138", "level": "INFO", "logger": "request_logger", "message": "Incoming request", "request_id": "01c934ea", "method": "POST", "url": "http://localhost:8000/predict"}
{"timestamp": "2026-02-23T10:22:29.160871", "level": "INFO", "logger": "request_logger", "message": "Completed", "request_id": "01c934ea", "method": "POST", "url": "http://localhost:8000/predict", "status_code": 200, "duration_ms": 52.76}
{"timestamp": "2026-02-23T10:22:29.199568", "level": "INFO", "logger": "request_logger", "message": "Incoming request", "request_id": "d9401746", "method": "GET", "url": "http://localhost:8000/health"}
{"timestamp": "2026-02-23T10:22:29.200402", "level": "INFO", "logger": "request_logger", "message": "Completed", "request_id": "d9401746", "method": "GET", "url": "http://localhost:8000/health", "status_code": 200, "duration_ms": 0.86}
{"timestamp": "2026-02-23T10:22:29.384877", "level": "INFO", "logger": "request_logger", "message": "Incoming request", "request_id": "6fad72ed", "method": "GET", "url": "http://localhost:8000/health"}
{"timestamp": "2026-02-23T10:22:29.385954", "level": "INFO", "logger": "request_logger", "message": "Completed", "request_id": "6fad72ed", "method": "GET", "url": "http://localhost:8000/health", "status_code": 200, "duration_ms": 1.13}
{"timestamp": "2026-02-23T10:22:29.603622", "level": "INFO", "logger": "request_logger", "message": "Incoming request", "request_id": "303d072d", "method": "GET", "url": "http://localhost:8000/health"}
{"timestamp": "2026-02-23T10:22:29.605331", "level": "INFO", "logger": "request_logger", "message": "Completed", "request_id": "303d072d", "method": "GET", "url": "http://localhost:8000/health", "status_code": 200, "duration_ms": 1.77}
{"timestamp": "2026-02-23T10:22:29.824958", "level": "INFO", "logger": "request_logger", "message": "Incoming request", "request_id": "0933f6e2", "method": "GET", "url": "http://localhost:8000/health"}
{"timestamp": "2026-02-23T10:22:29.826522", "level": "INFO", "logger": "request_logger", "message": "Completed", "request_id": "0933f6e2", "method": "GET", "url": "http://localhost:8000/health", "status_code": 200, "duration_ms": 1.63}
{"timestamp": "2026-02-23T10:22:30.081371", "level": "INFO", "logger": "request_logger", "message": "Incoming request", "request_id": "c2c2d7eb", "method": "GET", "url": "http://localhost:8000/health"}
{"timestamp": "2026-02-23T10:22:30.083290", "level": "INFO", "logger": "request_logger", "message": "Completed", "request_id": "c2c2d7eb", "method": "GET", "url": "http://localhost:8000/health", "status_code": 200, "duration_ms": 1.97}
{"timestamp": "2026-02-23T10:22:30.217351", "level": "INFO", "logger": "request_logger", "message": "Incoming request", "request_id": "ee9b5ced", "method": "GET", "url": "http://localhost:8000/health"}
{"timestamp": "2026-02-23T10:22:30.219046", "level": "INFO", "logger": "request_logger", "message": "Completed", "request_id": "ee9b5ced", "method": "GET", "url": "http://localhost:8000/health", "status_code": 200, "duration_ms": 1.87}
{"timestamp": "2026-02-23T10:22:30.427780", "level": "INFO", "logger": "request_logger", "message": "Incoming request", "request_id": "f7281a5a", "method": "GET", "url": "http://localhost:8000/health"}
{"timestamp": "2026-02-23T10:22:30.429695", "level": "INFO", "logger": "request_logger", "message": "Completed", "request_id": "f7281a5a", "method": "GET", "url": "http://localhost:8000/health", "status_code": 200, "duration_ms": 2.07}
{"timestamp": "2026-02-23T10:22:30.636487", "level": "INFO", "logger": "request_logger", "message": "Incoming request", "request_id": "18a47813", "method": "GET", "url": "http://localhost:8000/health"}
{"timestamp": "2026-02-23T10:22:30.638132", "level": "INFO", "logger": "request_logger", "message": "Completed", "request_id": "18a47813", "method": "GET", "url": "http://localhost:8000/health", "status_code": 200, "duration_ms": 1.78}
{"timestamp": "2026-02-23T10:22:30.841411", "level": "INFO", "logger": "request_logger", "message": "Incoming request", "request_id": "89cbc665", "method": "GET", "url": "http://localhost:8000/health"}
{"timestamp": "2026-02-23T10:22:30.843337", "level": "INFO", "logger": "request_logger", "message": "Completed", "request_id": "89cbc665", "method": "GET", "url": "http://localhost:8000/health", "status_code": 200, "duration_ms": 2.08}
{"timestamp": "2026-02-23T10:22:31.068242", "level": "INFO", "logger": "request_logger", "message": "Incoming request", "request_id": "f205f01a", "method": "GET", "url": "http://localhost:8000/health"}
{"timestamp": "2026-02-23T10:22:31.070832", "level": "INFO", "logger": "request_logger", "message": "Completed", "request_id": "f205f01a", "method": "GET", "url": "http://localhost:8000/health", "status_code": 200, "duration_ms": 2.64}
{"timestamp": "2026-02-23T10:22:31.260604", "level": "INFO", "logger": "request_logger", "message": "Incoming request", "request_id": "460e04ae", "method": "GET", "url": "http://localhost:8000/health"}
{"timestamp": "2026-02-23T10:22:31.262193", "level": "INFO", "logger": "request_logger", "message": "Completed", "request_id": "460e04ae", "method": "GET", "url": "http://localhost:8000/health", "status_code": 200, "duration_ms": 1.65}
{"timestamp": "2026-02-23T10:22:31.469577", "level": "INFO", "logger": "request_logger", "message": "Incoming request", "request_id": "b09eb213", "method": "GET", "url": "http://localhost:8000/health"}
{"timestamp": "2026-02-23T10:22:31.471355", "level": "INFO", "logger": "request_logger", "message": "Completed", "request_id": "b09eb213", "method": "GET", "url": "http://localhost:8000/health", "status_code": 200, "duration_ms": 2.33}
{"timestamp": "2026-02-23T10:22:31.669800", "level": "INFO", "logger": "request_logger", "message": "Incoming request", "request_id": "426dffe4", "method": "GET", "url": "http://localhost:8000/health"}
{"timestamp": "2026-02-23T10:22:31.671298", "level": "INFO", "logger": "request_logger", "message": "Completed", "request_id": "426dffe4", "method": "GET", "url": "http://localhost:8000/health", "status_code": 200, "duration_ms": 1.57}
{"timestamp": "2026-02-23T10:22:31.916404", "level": "INFO", "logger": "request_logger", "message": "Incoming request", "request_id": "2fe565de", "method": "GET", "url": "http://localhost:8000/health"}
{"timestamp": "2026-02-23T10:22:31.917920", "level": "INFO", "logger": "request_logger", "message": "Completed", "request_id": "2fe565de", "method": "GET", "url": "http://localhost:8000/health", "status_code": 200, "duration_ms": 1.61}
{"timestamp": "2026-02-23T10:22:32.088063", "level": "INFO", "logger": "request_logger", "message": "Incoming request", "request_id": "8796254e", "method": "GET", "url": "http://localhost:8000/health"}
{"timestamp": "2026-02-23T10:22:32.089104", "level": "INFO", "logger": "request_logger", "message": "Completed", "request_id": "8796254e", "method": "GET", "url": "http://localhost:8000/health", "status_code": 200, "duration_ms": 1.07}
{"timestamp": "2026-02-23T10:22:32.303170", "level": "INFO", "logger": "request_logger", "message": "Incoming request", "request_id": "2d1fad54", "method": "GET", "url": "http://localhost:8000/health"}
{"timestamp": "2026-02-23T10:22:32.305043", "level": "INFO", "logger": "request_logger", "message": "Completed", "request_id": "2d1fad54", "method": "GET", "url": "http://localhost:8000/health", "status_code": 200, "duration_ms": 1.95}
{"timestamp": "2026-02-23T10:22:32.510067", "level": "INFO", "logger": "request_logger", "message": "Incoming request", "request_id": "0a9addb6", "method": "GET", "url": "http://localhost:8000/health"}
{"timestamp": "2026-02-23T10:22:32.511517", "level": "INFO", "logger": "request_logger", "message": "Completed", "request_id": "0a9addb6", "method": "GET", "url": "http://localhost:8000/health", "status_code": 200, "duration_ms": 1.53}
{"timestamp": "2026-02-23T10:22:32.731939", "level": "INFO", "logger": "request_logger", "message": "Incoming request", "request_id": "2a587f58", "method": "GET", "url": "http://localhost:8000/health"}
{"timestamp": "2026-02-23T10:22:32.733837", "level": "INFO", "logger": "request_logger", "message": "Completed", "request_id": "2a587f58", "method": "GET", "url": "http://localhost:8000/health", "status_code": 200, "duration_ms": 2.05}
{"timestamp": "2026-02-23T10:22:32.922197", "level": "INFO", "logger": "request_logger", "message": "Incoming request", "request_id": "539b387f", "method": "GET", "url": "http://localhost:8000/health"}
{"timestamp": "2026-02-23T10:22:32.925049", "level": "INFO", "logger": "request_logger", "message": "Completed", "request_id": "539b387f", "method": "GET", "url": "http://localhost:8000/health", "status_code": 200, "duration_ms": 2.91}
{"timestamp": "2026-02-23T10:22:33.130730", "level": "INFO", "logger": "request_logger", "message": "Incoming request", "request_id": "6ab2b173", "method": "GET", "url": "http://localhost:8000/health"}
{"timestamp": "2026-02-23T10:22:33.132640", "level": "INFO", "logger": "request_logger", "message": "Completed", "request_id": "6ab2b173", "method": "GET", "url": "http://localhost:8000/health", "status_code": 200, "duration_ms": 1.94}
{"timestamp": "2026-02-23T10:22:33.337707", "level": "INFO", "logger": "request_logger", "message": "Incoming request", "request_id": "89860d5b", "method": "GET", "url": "http://localhost:8000/health"}
{"timestamp": "2026-02-23T10:22:33.339460", "level": "INFO", "logger": "request_logger", "message": "Completed", "request_id": "89860d5b", "method": "GET", "url": "http://localhost:8000/health", "status_code": 200, "duration_ms": 1.92}
{"timestamp": "2026-02-23T10:22:33.555641", "level": "INFO", "logger": "request_logger", "message": "Incoming request", "request_id": "5d7f1844", "method": "GET", "url": "http://localhost:8000/health"}
{"timestamp": "2026-02-23T10:22:33.557670", "level": "INFO", "logger": "request_logger", "message": "Completed", "request_id": "5d7f1844", "method": "GET", "url": "http://localhost:8000/health", "status_code": 200, "duration_ms": 2.1}
{"timestamp": "2026-02-23T10:22:33.749374", "level": "INFO", "logger": "request_logger", "message": "Incoming request", "request_id": "9c860061", "method": "GET", "url": "http://localhost:8000/health"}
{"timestamp": "2026-02-23T10:22:33.751695", "level": "INFO", "logger": "request_logger", "message": "Completed", "request_id": "9c860061", "method": "GET", "url": "http://localhost:8000/health", "status_code": 200, "duration_ms": 2.39}
{"timestamp": "2026-02-23T10:22:33.954951", "level": "INFO", "logger": "request_logger", "message": "Incoming request", "request_id": "5f22e8bf", "method": "GET", "url": "http://localhost:8000/health"}
{"timestamp": "2026-02-23T10:22:33.956555", "level": "INFO", "logger": "request_logger", "message": "Completed", "request_id": "5f22e8bf", "method": "GET", "url": "http://localhost:8000/health", "status_code": 200, "duration_ms": 1.69}
{"timestamp": "2026-02-23T10:22:34.161606", "level": "INFO", "logger": "request_logger", "message": "Incoming request", "request_id": "5e6dfe2f", "method": "GET", "url": "http://localhost:8000/health"}
{"timestamp": "2026-02-23T10:22:34.163408", "level": "INFO", "logger": "request_logger", "message": "Completed", "request_id": "5e6dfe2f", "method": "GET", "url": "http://localhost:8000/health", "status_code": 200, "duration_ms": 1.88}
{"timestamp": "2026-02-23T10:22:34.372949", "level": "INFO", "logger": "request_logger", "message": "Incoming request", "request_id": "60fbe50c", "method": "GET", "url": "http://localhost:8000/health"}
{"timestamp": "2026-02-23T10:22:34.374657", "level": "INFO", "logger": "request_logger", "message": "Completed", "request_id": "60fbe50c", "method": "GET", "url": "http://localhost:8000/health", "status_code": 200, "duration_ms": 1.88}
{"timestamp": "2026-02-23T10:22:34.658310", "level": "INFO", "logger": "request_logger", "message": "Incoming request", "request_id": "7752876d", "method": "GET", "url": "http://localhost:8000/health"}
{"timestamp": "2026-02-23T10:22:34.659833", "level": "INFO", "logger": "request_logger", "message": "Completed", "request_id": "7752876d", "method": "GET", "url": "http://localhost:8000/health", "status_code": 200, "duration_ms": 1.66}
{"timestamp": "2026-02-23T10:22:34.790769", "level": "INFO", "logger": "request_logger", "message": "Incoming request", "request_id": "44bd88a1", "method": "GET", "url": "http://localhost:8000/health"}
{"timestamp": "2026-02-23T10:22:34.792584", "level": "INFO", "logger": "request_logger", "message": "Completed", "request_id": "44bd88a1", "method": "GET", "url": "http://localhost:8000/health", "status_code": 200, "duration_ms": 1.91}
{"timestamp": "2026-02-23T10:22:34.999426", "level": "INFO", "logger": "request_logger", "message": "Incoming request", "request_id": "da2f2acc", "method": "GET", "url": "http://localhost:8000/health"}
{"timestamp": "2026-02-23T10:22:35.000963", "level": "INFO", "logger": "request_logger", "message": "Completed", "request_id": "da2f2acc", "method": "GET", "url": "http://localhost:8000/health", "status_code": 200, "duration_ms": 1.59}
{"timestamp": "2026-02-23T10:22:35.201791", "level": "INFO", "logger": "request_logger", "message": "Incoming request", "request_id": "a6fc776b", "method": "GET", "url": "http://localhost:8000/health"}
{"timestamp": "2026-02-23T10:22:35.204711", "level": "INFO", "logger": "request_logger", "message": "Completed", "request_id": "a6fc776b", "method": "GET", "url": "http://localhost:8000/health", "status_code": 200, "duration_ms": 3.0}
{"timestamp": "2026-02-23T10:22:35.402978", "level": "INFO", "logger": "request_logger", "message": "Incoming request", "request_id": "36434b5a", "method": "GET", "url": "http://localhost:8000/health"}
{"timestamp": "2026-02-23T10:22:35.403847", "level": "INFO", "logger": "request_logger", "message": "Completed", "request_id": "36434b5a", "method": "GET", "url": "http://localhost:8000/health", "status_code": 200, "duration_ms": 0.92}
{"timestamp": "2026-02-23T10:22:35.615919", "level": "INFO", "logger": "request_logger", "message": "Incoming request", "request_id": "4271c1bf", "method": "GET", "url": "http://localhost:8000/health"}
{"timestamp": "2026-02-23T10:22:35.617149", "level": "INFO", "logger": "request_logger", "message": "Completed", "request_id": "4271c1bf", "method": "GET", "url": "http://localhost:8000/health", "status_code": 200, "duration_ms": 1.31}
{"timestamp": "2026-02-23T10:22:35.821021", "level": "INFO", "logger": "request_logger", "message": "Incoming request", "request_id": "df9ef0cd", "method": "GET", "url": "http://localhost:8000/health"}
{"timestamp": "2026-02-23T10:22:35.822545", "level": "INFO", "logger": "request_logger", "message": "Completed", "request_id": "df9ef0cd", "method": "GET", "url": "http://localhost:8000/health", "status_code": 200, "duration_ms": 1.64}
{"timestamp": "2026-02-23T10:22:36.047687", "level": "INFO", "logger": "request_logger", "message": "Incoming request", "request_id": "f7e347d8", "method": "GET", "url": "http://localhost:8000/health"}
{"timestamp": "2026-02-23T10:22:36.049227", "level": "INFO", "logger": "request_logger", "message": "Completed", "request_id": "f7e347d8", "method": "GET", "url": "http://localhost:8000/health", "status_code": 200, "duration_ms": 1.61}
{"timestamp": "2026-02-23T10:22:36.239043", "level": "INFO", "logger": "request_logger", "message": "Incoming request", "request_id": "d993b228", "method": "GET", "url": "http://localhost:8000/health"}
{"timestamp": "2026-02-23T10:22:36.240564", "level": "INFO", "logger": "request_logger", "message": "Completed", "request_id": "d993b228", "method": "GET", "url": "http://localhost:8000/health", "status_code": 200, "duration_ms": 1.61}
{"timestamp": "2026-02-23T10:22:36.440581", "level": "INFO", "logger": "request_logger", "message": "Incoming request", "request_id": "55d85585", "method": "GET", "url": "http://localhost:8000/health"}
{"timestamp": "2026-02-23T10:22:36.442115", "level": "INFO", "logger": "request_logger", "message": "Completed", "request_id": "55d85585", "method": "GET", "url": "http://localhost:8000/health", "status_code": 200, "duration_ms": 1.64}
{"timestamp": "2026-02-23T10:22:36.670489", "level": "INFO", "logger": "request_logger", "message": "Incoming request", "request_id": "c3f74d06", "method": "GET", "url": "http://localhost:8000/health"}
{"timestamp": "2026-02-23T10:22:36.672073", "level": "INFO", "logger": "request_logger", "message": "Completed", "request_id": "c3f74d06", "method": "GET", "url": "http://localhost:8000/health", "status_code": 200, "duration_ms": 1.66}
{"timestamp": "2026-02-23T10:22:36.862199", "level": "INFO", "logger": "request_logger", "message": "Incoming request", "request_id": "985b78ee", "method": "GET", "url": "http://localhost:8000/health"}
{"timestamp": "2026-02-23T10:22:36.863847", "level": "INFO", "logger": "request_logger", "message": "Completed", "request_id": "985b78ee", "method": "GET", "url": "http://localhost:8000/health", "status_code": 200, "duration_ms": 1.71}
{"timestamp": "2026-02-23T10:22:37.067034", "level": "INFO", "logger": "request_logger", "message": "Incoming request", "request_id": "b44e92f9", "method": "GET", "url": "http://localhost:8000/health"}
{"timestamp": "2026-02-23T10:22:37.067536", "level": "INFO", "logger": "request_logger", "message": "Completed", "request_id": "b44e92f9", "method": "GET", "url": "http://localhost:8000/health", "status_code": 200, "duration_ms": 0.52}
{"timestamp": "2026-02-23T10:22:37.292778", "level": "INFO", "logger": "request_logger", "message": "Incoming request", "request_id": "e824a099", "method": "GET", "url": "http://localhost:8000/health"}
{"timestamp": "2026-02-23T10:22:37.294334", "level": "INFO", "logger": "request_logger", "message": "Completed", "request_id": "e824a099", "method": "GET", "url": "http://localhost:8000/health", "status_code": 200, "duration_ms": 1.64}
{"timestamp": "2026-02-23T10:22:37.579408", "level": "INFO", "logger": "request_logger", "message": "Incoming request", "request_id": "7f51d885", "method": "GET", "url": "http://localhost:8000/health"}
{"timestamp": "2026-02-23T10:22:37.580850", "level": "INFO", "logger": "request_logger", "message": "Completed", "request_id": "7f51d885", "method": "GET", "url": "http://localhost:8000/health", "status_code": 200, "duration_ms": 1.49}
{"timestamp": "2026-02-23T10:22:37.795057", "level": "INFO", "logger": "request_logger", "message": "Incoming request", "request_id": "92c630aa", "method": "GET", "url": "http://localhost:8000/health"}
{"timestamp": "2026-02-23T10:22:37.796365", "level": "INFO", "logger": "request_logger", "message": "Completed", "request_id": "92c630aa", "method": "GET", "url": "http://localhost:8000/health", "status_code": 200, "duration_ms": 1.31}
{"timestamp": "2026-02-23T10:22:38.000229", "level": "INFO", "logger": "request_logger", "message": "Incoming request", "request_id": "0dce8f52", "method": "GET", "url": "http://localhost:8000/health"}
{"timestamp": "2026-02-23T10:22:38.001579", "level": "INFO", "logger": "request_logger", "message": "Completed", "request_id": "0dce8f52", "method": "GET", "url": "http://localhost:8000/health", "status_code": 200, "duration_ms": 1.45}
{"timestamp": "2026-02-23T10:22:38.205957", "level": "INFO", "logger": "request_logger", "message": "Incoming request", "request_id": "2e74f173", "method": "GET", "url": "http://localhost:8000/health"}
{"timestamp": "2026-02-23T10:22:38.207372", "level": "INFO", "logger": "request_logger", "message": "Completed", "request_id": "2e74f173", "method": "GET", "url": "http://localhost:8000/health", "status_code": 200, "duration_ms": 1.54}
{"timestamp": "2026-02-23T10:22:38.411712", "level": "INFO", "logger": "request_logger", "message": "Incoming request", "request_id": "3b81be91", "method": "GET", "url": "http://localhost:8000/health"}
{"timestamp": "2026-02-23T10:22:38.413979", "level": "INFO", "logger": "request_logger", "message": "Completed", "request_id": "3b81be91", "method": "GET", "url": "http://localhost:8000/health", "status_code": 200, "duration_ms": 2.48}
{"timestamp": "2026-02-23T10:22:38.616584", "level": "INFO", "logger": "request_logger", "message": "Incoming request", "request_id": "5323c004", "method": "GET", "url": "http://localhost:8000/health"}
{"timestamp": "2026-02-23T10:22:38.617968", "level": "INFO", "logger": "request_logger", "message": "Completed", "request_id": "5323c004", "method": "GET", "url": "http://localhost:8000/health", "status_code": 200, "duration_ms": 1.47}
{"timestamp": "2026-02-23T10:22:38.823365", "level": "INFO", "logger": "request_logger", "message": "Incoming request", "request_id": "65dc3fcf", "method": "GET", "url": "http://localhost:8000/health"}
{"timestamp": "2026-02-23T10:22:38.825031", "level": "INFO", "logger": "request_logger", "message": "Completed", "request_id": "65dc3fcf", "method": "GET", "url": "http://localhost:8000/health", "status_code": 200, "duration_ms": 1.82}
{"timestamp": "2026-02-23T10:22:39.030378", "level": "INFO", "logger": "request_logger", "message": "Incoming request", "request_id": "f650728d", "method": "GET", "url": "http://localhost:8000/health"}
{"timestamp": "2026-02-23T10:22:39.032044", "level": "INFO", "logger": "request_logger", "message": "Completed", "request_id": "f650728d", "method": "GET", "url": "http://localhost:8000/health", "status_code": 200, "duration_ms": 1.89}
{"timestamp": "2026-02-23T10:22:39.259164", "level": "INFO", "logger": "request_logger", "message": "Incoming request", "request_id": "facc4a96", "method": "GET", "url": "http://localhost:8000/health"}
{"timestamp": "2026-02-23T10:22:39.261477", "level": "INFO", "logger": "request_logger", "message": "Completed", "request_id": "facc4a96", "method": "GET", "url": "http://localhost:8000/health", "status_code": 200, "duration_ms": 2.38}
{"timestamp": "2026-02-23T10:22:39.437406", "level": "INFO", "logger": "request_logger", "message": "Incoming request", "request_id": "75b7094b", "method": "GET", "url": "http://localhost:8000/health"}
{"timestamp": "2026-02-23T10:22:39.439143", "level": "INFO", "logger": "request_logger", "message": "Completed", "request_id": "75b7094b", "method": "GET", "url": "http://localhost:8000/health", "status_code": 200, "duration_ms": 1.95}
{"timestamp": "2026-02-23T10:22:39.647329", "level": "INFO", "logger": "request_logger", "message": "Incoming request", "request_id": "9fabaf6f", "method": "GET", "url": "http://localhost:8000/health"}
{"timestamp": "2026-02-23T10:22:39.648954", "level": "INFO", "logger": "request_logger", "message": "Completed", "request_id": "9fabaf6f", "method": "GET", "url": "http://localhost:8000/health", "status_code": 200, "duration_ms": 1.78}
{"timestamp": "2026-02-23T10:22:39.853148", "level": "INFO", "logger": "request_logger", "message": "Incoming request", "request_id": "d5410fa1", "method": "GET", "url": "http://localhost:8000/health"}
{"timestamp": "2026-02-23T10:22:39.854720", "level": "INFO", "logger": "request_logger", "message": "Completed", "request_id": "d5410fa1", "method": "GET", "url": "http://localhost:8000/health", "status_code": 200, "duration_ms": 1.65}
{"timestamp": "2026-02-23T10:22:40.061823", "level": "INFO", "logger": "request_logger", "message": "Incoming request", "request_id": "731af747", "method": "GET", "url": "http://localhost:8000/health"}
{"timestamp": "2026-02-23T10:22:40.063401", "level": "INFO", "logger": "request_logger", "message": "Completed", "request_id": "731af747", "method": "GET", "url": "http://localhost:8000/health", "status_code": 200, "duration_ms": 1.64}
{"timestamp": "2026-02-23T10:22:40.267965", "level": "INFO", "logger": "request_logger", "message": "Incoming request", "request_id": "18d31d26", "method": "GET", "url": "http://localhost:8000/health"}
{"timestamp": "2026-02-23T10:22:40.269868", "level": "INFO", "logger": "request_logger", "message": "Completed", "request_id": "18d31d26", "method": "GET", "url": "http://localhost:8000/health", "status_code": 200, "duration_ms": 2.08}
{"timestamp": "2026-02-23T10:22:40.478316", "level": "INFO", "logger": "request_logger", "message": "Incoming request", "request_id": "a0a68c1e", "method": "GET", "url": "http://localhost:8000/health"}
{"timestamp": "2026-02-23T10:22:40.479807", "level": "INFO", "logger": "request_logger", "message": "Completed", "request_id": "a0a68c1e", "method": "GET", "url": "http://localhost:8000/health", "status_code": 200, "duration_ms": 1.58}
{"timestamp": "2026-02-23T10:22:40.721984", "level": "INFO", "logger": "request_logger", "message": "Incoming request", "request_id": "a2ccee19", "method": "GET", "url": "http://localhost:8000/health"}
{"timestamp": "2026-02-23T10:22:40.723598", "level": "INFO", "logger": "request_logger", "message": "Completed", "request_id": "a2ccee19", "method": "GET", "url": "http://localhost:8000/health", "status_code": 200, "duration_ms": 1.69}
{"timestamp": "2026-02-23T10:22:40.893777", "level": "INFO", "logger": "request_logger", "message": "Incoming request", "request_id": "2666e7c2", "method": "GET", "url": "http://localhost:8000/health"}
{"timestamp": "2026-02-23T10:22:40.895629", "level": "INFO", "logger": "request_logger", "message": "Completed", "request_id": "2666e7c2", "method": "GET", "url": "http://localhost:8000/health", "status_code": 200, "duration_ms": 1.94}
{"timestamp": "2026-02-23T10:22:41.104124", "level": "INFO", "logger": "request_logger", "message": "Incoming request", "request_id": "bb0db8bc", "method": "GET", "url": "http://localhost:8000/health"}
{"timestamp": "2026-02-23T10:22:41.105955", "level": "INFO", "logger": "request_logger", "message": "Completed", "request_id": "bb0db8bc", "method": "GET", "url": "http://localhost:8000/health", "status_code": 200, "duration_ms": 1.91}
{"timestamp": "2026-02-23T10:22:41.403826", "level": "INFO", "logger": "request_logger", "message": "Incoming request", "request_id": "b96ac50a", "method": "GET", "url": "http://localhost:8000/health"}
{"timestamp": "2026-02-23T10:22:41.404783", "level": "INFO", "logger": "request_logger", "message": "Completed", "request_id": "b96ac50a", "method": "GET", "url": "http://localhost:8000/health", "status_code": 200, "duration_ms": 0.98}
{"timestamp": "2026-02-23T10:22:41.629197", "level": "INFO", "logger": "request_logger", "message": "Incoming request", "request_id": "e8a4f8cc", "method": "GET", "url": "http://localhost:8000/health"}
{"timestamp": "2026-02-23T10:22:41.630932", "level": "INFO", "logger": "request_logger", "message": "Completed", "request_id": "e8a4f8cc", "method": "GET", "url": "http://localhost:8000/health", "status_code": 200, "duration_ms": 1.86}
{"timestamp": "2026-02-23T10:22:41.831118", "level": "INFO", "logger": "request_logger", "message": "Incoming request", "request_id": "adb21b96", "method": "GET", "url": "http://localhost:8000/health"}
{"timestamp": "2026-02-23T10:22:41.832081", "level": "INFO", "logger": "request_logger", "message": "Completed", "request_id": "adb21b96", "method": "GET", "url": "http://localhost:8000/health", "status_code": 200, "duration_ms": 1.0}
{"timestamp": "2026-02-23T10:22:42.044084", "level": "INFO", "logger": "request_logger", "message": "Incoming request", "request_id": "712d8609", "method": "GET", "url": "http://localhost:8000/health"}
{"timestamp": "2026-02-23T10:22:42.044549", "level": "INFO", "logger": "request_logger", "message": "Completed", "request_id": "712d8609", "method": "GET", "url": "http://localhost:8000/health", "status_code": 200, "duration_ms": 0.48}
{"timestamp": "2026-02-23T10:22:42.260720", "level": "INFO", "logger": "request_logger", "message": "Incoming request", "request_id": "a95dc29c", "method": "GET", "url": "http://localhost:8000/health"}
{"timestamp": "2026-02-23T10:22:42.262892", "level": "INFO", "logger": "request_logger", "message": "Completed", "request_id": "a95dc29c", "method": "GET", "url": "http://localhost:8000/health", "status_code": 200, "duration_ms": 3.54}
{"timestamp": "2026-02-23T10:22:42.468795", "level": "INFO", "logger": "request_logger", "message": "Incoming request", "request_id": "71a32e66", "method": "GET", "url": "http://localhost:8000/health"}
{"timestamp": "2026-02-23T10:22:42.470373", "level": "INFO", "logger": "request_logger", "message": "Completed", "request_id": "71a32e66", "method": "GET", "url": "http://localhost:8000/health", "status_code": 200, "duration_ms": 1.68}
{"timestamp": "2026-02-23T10:22:42.678479", "level": "INFO", "logger": "request_logger", "message": "Incoming request", "request_id": "ff53a61e", "method": "GET", "url": "http://localhost:8000/health"}
{"timestamp": "2026-02-23T10:22:42.680256", "level": "INFO", "logger": "request_logger", "message": "Completed", "request_id": "ff53a61e", "method": "GET", "url": "http://localhost:8000/health", "status_code": 200, "duration_ms": 1.9}
{"timestamp": "2026-02-23T10:22:42.904942", "level": "INFO", "logger": "request_logger", "message": "Incoming request", "request_id": "1507c85f", "method": "GET", "url": "http://localhost:8000/health"}
{"timestamp": "2026-02-23T10:22:42.906723", "level": "INFO", "logger": "request_logger", "message": "Completed", "request_id": "1507c85f", "method": "GET", "url": "http://localhost:8000/health", "status_code": 200, "duration_ms": 1.88}
{"timestamp": "2026-02-23T10:22:43.093580", "level": "INFO", "logger": "request_logger", "message": "Incoming request", "request_id": "fddc75de", "method": "GET", "url": "http://localhost:8000/health"}
{"timestamp": "2026-02-23T10:22:43.095268", "level": "INFO", "logger": "request_logger", "message": "Completed", "request_id": "fddc75de", "method": "GET", "url": "http://localhost:8000/health", "status_code": 200, "duration_ms": 1.94}
{"timestamp": "2026-02-23T10:22:43.298462", "level": "INFO", "logger": "request_logger", "message": "Incoming request", "request_id": "f9afa52d", "method": "GET", "url": "http://localhost:8000/health"}
{"timestamp": "2026-02-23T10:22:43.300337", "level": "INFO", "logger": "request_logger", "message": "Completed", "request_id": "f9afa52d", "method": "GET", "url": "http://localhost:8000/health", "status_code": 200, "duration_ms": 1.94}
{"timestamp": "2026-02-23T10:22:43.507459", "level": "INFO", "logger": "request_logger", "message": "Incoming request", "request_id": "58deea0c", "method": "GET", "url": "http://localhost:8000/health"}
{"timestamp": "2026-02-23T10:22:43.509149", "level": "INFO", "logger": "request_logger", "message": "Completed", "request_id": "58deea0c", "method": "GET", "url": "http://localhost:8000/health", "status_code": 200, "duration_ms": 1.81}
{"timestamp": "2026-02-23T10:22:43.717458", "level": "INFO", "logger": "request_logger", "message": "Incoming request", "request_id": "2bb1f257", "method": "GET", "url": "http://localhost:8000/health"}
{"timestamp": "2026-02-23T10:22:43.719033", "level": "INFO", "logger": "request_logger", "message": "Completed", "request_id": "2bb1f257", "method": "GET", "url": "http://localhost:8000/health", "status_code": 200, "duration_ms": 2.05}
{"timestamp": "2026-02-23T10:22:43.927199", "level": "INFO", "logger": "request_logger", "message": "Incoming request", "request_id": "2febb086", "method": "GET", "url": "http://localhost:8000/health"}
{"timestamp": "2026-02-23T10:22:43.929042", "level": "INFO", "logger": "request_logger", "message": "Completed", "request_id": "2febb086", "method": "GET", "url": "http://localhost:8000/health", "status_code": 200, "duration_ms": 1.92}
{"timestamp": "2026-02-23T10:22:44.129407", "level": "INFO", "logger": "request_logger", "message": "Incoming request", "request_id": "65971d73", "method": "GET", "url": "http://localhost:8000/health"}
{"timestamp": "2026-02-23T10:22:44.130796", "level": "INFO", "logger": "request_logger", "message": "Completed", "request_id": "65971d73", "method": "GET", "url": "http://localhost:8000/health", "status_code": 200, "duration_ms": 1.58}
{"timestamp": "2026-02-23T10:22:44.335861", "level": "INFO", "logger": "request_logger", "message": "Incoming request", "request_id": "ff45cefc", "method": "GET", "url": "http://localhost:8000/health"}
{"timestamp": "2026-02-23T10:22:44.337945", "level": "INFO", "logger": "request_logger", "message": "Completed", "request_id": "ff45cefc", "method": "GET", "url": "http://localhost:8000/health", "status_code": 200, "duration_ms": 2.11}
{"timestamp": "2026-02-23T10:22:44.556000", "level": "INFO", "logger": "request_logger", "message": "Incoming request", "request_id": "3221f61d", "method": "GET", "url": "http://localhost:8000/health"}
{"timestamp": "2026-02-23T10:22:44.557730", "level": "INFO", "logger": "request_logger", "message": "Completed", "request_id": "3221f61d", "method": "GET", "url": "http://localhost:8000/health", "status_code": 200, "duration_ms": 1.89}
{"timestamp": "2026-02-23T10:22:44.749884", "level": "INFO", "logger": "request_logger", "message": "Incoming request", "request_id": "cefb5cb8", "method": "GET", "url": "http://localhost:8000/health"}
{"timestamp": "2026-02-23T10:22:44.751885", "level": "INFO", "logger": "request_logger", "message": "Completed", "request_id": "cefb5cb8", "method": "GET", "url": "http://localhost:8000/health", "status_code": 200, "duration_ms": 2.07}
{"timestamp": "2026-02-23T10:22:44.959264", "level": "INFO", "logger": "request_logger", "message": "Incoming request", "request_id": "cd999fd7", "method": "GET", "url": "http://localhost:8000/health"}
{"timestamp": "2026-02-23T10:22:44.960862", "level": "INFO", "logger": "request_logger", "message": "Completed", "request_id": "cd999fd7", "method": "GET", "url": "http://localhost:8000/health", "status_code": 200, "duration_ms": 1.79}
{"timestamp": "2026-02-23T10:22:45.166961", "level": "INFO", "logger": "request_logger", "message": "Incoming request", "request_id": "e81d85b9", "method": "GET", "url": "http://localhost:8000/health"}
{"timestamp": "2026-02-23T10:22:45.169000", "level": "INFO", "logger": "request_logger", "message": "Completed", "request_id": "e81d85b9", "method": "GET", "url": "http://localhost:8000/health", "status_code": 200, "duration_ms": 2.11}
{"timestamp": "2026-02-23T10:22:45.373366", "level": "INFO", "logger": "request_logger", "message": "Incoming request", "request_id": "cca8d2e0", "method": "GET", "url": "http://localhost:8000/health"}
{"timestamp": "2026-02-23T10:22:45.375256", "level": "INFO", "logger": "request_logger", "message": "Completed", "request_id": "cca8d2e0", "method": "GET", "url": "http://localhost:8000/health", "status_code": 200, "duration_ms": 1.97}
{"timestamp": "2026-02-23T10:22:45.593547", "level": "INFO", "logger": "request_logger", "message": "Incoming request", "request_id": "58ae95fa", "method": "GET", "url": "http://localhost:8000/health"}
{"timestamp": "2026-02-23T10:22:45.595221", "level": "INFO", "logger": "request_logger", "message": "Completed", "request_id": "58ae95fa", "method": "GET", "url": "http://localhost:8000/health", "status_code": 200, "duration_ms": 1.76}
{"timestamp": "2026-02-23T10:22:45.786505", "level": "INFO", "logger": "request_logger", "message": "Incoming request", "request_id": "7cf3f88d", "method": "GET", "url": "http://localhost:8000/health"}
{"timestamp": "2026-02-23T10:22:45.788529", "level": "INFO", "logger": "request_logger", "message": "Completed", "request_id": "7cf3f88d", "method": "GET", "url": "http://localhost:8000/health", "status_code": 200, "duration_ms": 2.1}
{"timestamp": "2026-02-23T10:22:46.005048", "level": "INFO", "logger": "request_logger", "message": "Incoming request", "request_id": "a12a38ec", "method": "GET", "url": "http://localhost:8000/health"}
{"timestamp": "2026-02-23T10:22:46.006824", "level": "INFO", "logger": "request_logger", "message": "Completed", "request_id": "a12a38ec", "method": "GET", "url": "http://localhost:8000/health", "status_code": 200, "duration_ms": 1.86}
{"timestamp": "2026-02-23T10:22:46.207126", "level": "INFO", "logger": "request_logger", "message": "Incoming request", "request_id": "c2072d9a", "method": "GET", "url": "http://localhost:8000/health"}
{"timestamp": "2026-02-23T10:22:46.208854", "level": "INFO", "logger": "request_logger", "message": "Completed", "request_id": "c2072d9a", "method": "GET", "url": "http://localhost:8000/health", "status_code": 200, "duration_ms": 1.99}
{"timestamp": "2026-02-23T10:22:46.432865", "level": "INFO", "logger": "request_logger", "message": "Incoming request", "request_id": "2ae8b01e", "method": "GET", "url": "http://localhost:8000/health"}
{"timestamp": "2026-02-23T10:22:46.434539", "level": "INFO", "logger": "request_logger", "message": "Completed", "request_id": "2ae8b01e", "method": "GET", "url": "http://localhost:8000/health", "status_code": 200, "duration_ms": 1.85}
{"timestamp": "2026-02-23T10:22:46.627867", "level": "INFO", "logger": "request_logger", "message": "Incoming request", "request_id": "c98cc51b", "method": "GET", "url": "http://localhost:8000/health"}
{"timestamp": "2026-02-23T10:22:46.629531", "level": "INFO", "logger": "request_logger", "message": "Completed", "request_id": "c98cc51b", "method": "GET", "url": "http://localhost:8000/health", "status_code": 200, "duration_ms": 1.83}
{"timestamp": "2026-02-23T10:22:46.845105", "level": "INFO", "logger": "request_logger", "message": "Incoming request", "request_id": "e414dc8d", "method": "GET", "url": "http://localhost:8000/health"}
{"timestamp": "2026-02-23T10:22:46.846687", "level": "INFO", "logger": "request_logger", "message": "Completed", "request_id": "e414dc8d", "method": "GET", "url": "http://localhost:8000/health", "status_code": 200, "duration_ms": 2.08}
{"timestamp": "2026-02-23T10:22:47.042883", "level": "INFO", "logger": "request_logger", "message": "Incoming request", "request_id": "39cd0ee6", "method": "GET", "url": "http://localhost:8000/health"}
{"timestamp": "2026-02-23T10:22:47.043337", "level": "INFO", "logger": "request_logger", "message": "Completed", "request_id": "39cd0ee6", "method": "GET", "url": "http://localhost:8000/health", "status_code": 200, "duration_ms": 0.47}
{"timestamp": "2026-02-23T10:22:47.259206", "level": "INFO", "logger": "request_logger", "message": "Incoming request", "request_id": "4f27656e", "method": "GET", "url": "http://localhost:8000/health"}
{"timestamp": "2026-02-23T10:22:47.261072", "level": "INFO", "logger": "request_logger", "message": "Completed", "request_id": "4f27656e", "method": "GET", "url": "http://localhost:8000/health", "status_code": 200, "duration_ms": 1.89}
{"timestamp": "2026-02-23T10:22:47.544127", "level": "INFO", "logger": "request_logger", "message": "Incoming request", "request_id": "d5e67526", "method": "GET", "url": "http://localhost:8000/health"}
{"timestamp": "2026-02-23T10:22:47.545461", "level": "INFO", "logger": "request_logger", "message": "Completed", "request_id": "d5e67526", "method": "GET", "url": "http://localhost:8000/health", "status_code": 200, "duration_ms": 1.37}
{"timestamp": "2026-02-23T10:22:47.673242", "level": "INFO", "logger": "request_logger", "message": "Incoming request", "request_id": "286052e7", "method": "GET", "url": "http://localhost:8000/health"}
{"timestamp": "2026-02-23T10:22:47.674813", "level": "INFO", "logger": "request_logger", "message": "Completed", "request_id": "286052e7", "method": "GET", "url": "http://localhost:8000/health", "status_code": 200, "duration_ms": 1.66}
{"timestamp": "2026-02-23T10:22:47.880378", "level": "INFO", "logger": "request_logger", "message": "Incoming request", "request_id": "d31566d9", "method": "GET", "url": "http://localhost:8000/health"}
{"timestamp": "2026-02-23T10:22:47.882793", "level": "INFO", "logger": "request_logger", "message": "Completed", "request_id": "d31566d9", "method": "GET", "url": "http://localhost:8000/health", "status_code": 200, "duration_ms": 2.59}
{"timestamp": "2026-02-23T10:22:48.092924", "level": "INFO", "logger": "request_logger", "message": "Incoming request", "request_id": "7d185897", "method": "GET", "url": "http://localhost:8000/health"}
{"timestamp": "2026-02-23T10:22:48.094678", "level": "INFO", "logger": "request_logger", "message": "Completed", "request_id": "7d185897", "method": "GET", "url": "http://localhost:8000/health", "status_code": 200, "duration_ms": 2.02}
{"timestamp": "2026-02-23T10:22:48.301874", "level": "INFO", "logger": "request_logger", "message": "Incoming request", "request_id": "31a13eec", "method": "GET", "url": "http://localhost:8000/health"}
{"timestamp": "2026-02-23T10:22:48.303976", "level": "INFO", "logger": "request_logger", "message": "Completed", "request_id": "31a13eec", "method": "GET", "url": "http://localhost:8000/health", "status_code": 200, "duration_ms": 2.18}
{"timestamp": "2026-02-23T10:22:48.509973", "level": "INFO", "logger": "request_logger", "message": "Incoming request", "request_id": "2e216a63", "method": "GET", "url": "http://localhost:8000/health"}
{"timestamp": "2026-02-23T10:22:48.511269", "level": "INFO", "logger": "request_logger", "message": "Completed", "request_id": "2e216a63", "method": "GET", "url": "http://localhost:8000/health", "status_code": 200, "duration_ms": 1.38}
{"timestamp": "2026-02-23T10:22:48.721697", "level": "INFO", "logger": "request_logger", "message": "Incoming request", "request_id": "0e4f6c94", "method": "GET", "url": "http://localhost:8000/health"}
{"timestamp": "2026-02-23T10:22:48.723326", "level": "INFO", "logger": "request_logger", "message": "Completed", "request_id": "0e4f6c94", "method": "GET", "url": "http://localhost:8000/health", "status_code": 200, "duration_ms": 2.21}
{"timestamp": "2026-02-23T10:22:48.959053", "level": "INFO", "logger": "request_logger", "message": "Incoming request", "request_id": "6d14ca02", "method": "GET", "url": "http://localhost:8000/health"}
{"timestamp": "2026-02-23T10:22:48.960736", "level": "INFO", "logger": "request_logger", "message": "Completed", "request_id": "6d14ca02", "method": "GET", "url": "http://localhost:8000/health", "status_code": 200, "duration_ms": 1.75}
{"timestamp": "2026-02-23T10:22:49.134732", "level": "INFO", "logger": "request_logger", "message": "Incoming request", "request_id": "a339f652", "method": "GET", "url": "http://localhost:8000/health"}
{"timestamp": "2026-02-23T10:22:49.136398", "level": "INFO", "logger": "request_logger", "message": "Completed", "request_id": "a339f652", "method": "GET", "url": "http://localhost:8000/health", "status_code": 200, "duration_ms": 1.85}
{"timestamp": "2026-02-23T10:22:49.341038", "level": "INFO", "logger": "request_logger", "message": "Incoming request", "request_id": "c2ab09b5", "method": "GET", "url": "http://localhost:8000/health"}
{"timestamp": "2026-02-23T10:22:49.342816", "level": "INFO", "logger": "request_logger", "message": "Completed", "request_id": "c2ab09b5", "method": "GET", "url": "http://localhost:8000/health", "status_code": 200, "duration_ms": 1.98}
{"timestamp": "2026-02-23T10:22:49.568304", "level": "INFO", "logger": "request_logger", "message": "Incoming request", "request_id": "b6559476", "method": "GET", "url": "http://localhost:8000/health"}
{"timestamp": "2026-02-23T10:22:49.569917", "level": "INFO", "logger": "request_logger", "message": "Completed", "request_id": "b6559476", "method": "GET", "url": "http://localhost:8000/health", "status_code": 200, "duration_ms": 1.73}
{"timestamp": "2026-02-23T10:22:49.759889", "level": "INFO", "logger": "request_logger", "message": "Incoming request", "request_id": "88671fcf", "method": "GET", "url": "http://localhost:8000/health"}
{"timestamp": "2026-02-23T10:22:49.761665", "level": "INFO", "logger": "request_logger", "message": "Completed", "request_id": "88671fcf", "method": "GET", "url": "http://localhost:8000/health", "status_code": 200, "duration_ms": 1.91}
{"timestamp": "2026-02-23T10:22:49.967750", "level": "INFO", "logger": "request_logger", "message": "Incoming request", "request_id": "7400d08b", "method": "GET", "url": "http://localhost:8000/health"}
{"timestamp": "2026-02-23T10:22:49.969529", "level": "INFO", "logger": "request_logger", "message": "Completed", "request_id": "7400d08b", "method": "GET", "url": "http://localhost:8000/health", "status_code": 200, "duration_ms": 1.97}
{"timestamp": "2026-02-23T10:22:50.190983", "level": "INFO", "logger": "request_logger", "message": "Incoming request", "request_id": "1602ab1d", "method": "GET", "url": "http://localhost:8000/health"}
{"timestamp": "2026-02-23T10:22:50.193351", "level": "INFO", "logger": "request_logger", "message": "Completed", "request_id": "1602ab1d", "method": "GET", "url": "http://localhost:8000/health", "status_code": 200, "duration_ms": 2.42}
{"timestamp": "2026-02-23T10:22:50.387730", "level": "INFO", "logger": "request_logger", "message": "Incoming request", "request_id": "77fe92eb", "method": "GET", "url": "http://localhost:8000/health"}
{"timestamp": "2026-02-23T10:22:50.390483", "level": "INFO", "logger": "request_logger", "message": "Completed", "request_id": "77fe92eb", "method": "GET", "url": "http://localhost:8000/health", "status_code": 200, "duration_ms": 2.87}
{"timestamp": "2026-02-23T10:22:50.598242", "level": "INFO", "logger": "request_logger", "message": "Incoming request", "request_id": "965ee6a6", "method": "GET", "url": "http://localhost:8000/health"}
{"timestamp": "2026-02-23T10:22:50.599796", "level": "INFO", "logger": "request_logger", "message": "Completed", "request_id": "965ee6a6", "method": "GET", "url": "http://localhost:8000/health", "status_code": 200, "duration_ms": 1.62}
{"timestamp": "2026-02-23T10:22:50.800679", "level": "INFO", "logger": "request_logger", "message": "Incoming request", "request_id": "a85802ce", "method": "GET", "url": "http://localhost:8000/health"}
{"timestamp": "2026-02-23T10:22:50.802491", "level": "INFO", "logger": "request_logger", "message": "Completed", "request_id": "a85802ce", "method": "GET", "url": "http://localhost:8000/health", "status_code": 200, "duration_ms": 1.89}
{"timestamp": "2026-02-23T10:22:51.088984", "level": "INFO", "logger": "request_logger", "message": "Incoming request", "request_id": "c3249097", "method": "GET", "url": "http://localhost:8000/health"}
{"timestamp": "2026-02-23T10:22:51.090372", "level": "INFO", "logger": "request_logger", "message": "Completed", "request_id": "c3249097", "method": "GET", "url": "http://localhost:8000/health", "status_code": 200, "duration_ms": 1.52}
{"timestamp": "2026-02-23T10:22:51.319384", "level": "INFO", "logger": "request_logger", "message": "Incoming request", "request_id": "1e329ddf", "method": "GET", "url": "http://localhost:8000/health"}
{"timestamp": "2026-02-23T10:22:51.321156", "level": "INFO", "logger": "request_logger", "message": "Completed", "request_id": "1e329ddf", "method": "GET", "url": "http://localhost:8000/health", "status_code": 200, "duration_ms": 1.95}
{"timestamp": "2026-02-23T10:22:51.531150", "level": "INFO", "logger": "request_logger", "message": "Incoming request", "request_id": "bc5846c7", "method": "GET", "url": "http://localhost:8000/health"}
{"timestamp": "2026-02-23T10:22:51.532412", "level": "INFO", "logger": "request_logger", "message": "Completed", "request_id": "bc5846c7", "method": "GET", "url": "http://localhost:8000/health", "status_code": 200, "duration_ms": 1.33}
{"timestamp": "2026-02-23T10:22:51.726679", "level": "INFO", "logger": "request_logger", "message": "Incoming request", "request_id": "e1c2eeb3", "method": "GET", "url": "http://localhost:8000/health"}
{"timestamp": "2026-02-23T10:22:51.728014", "level": "INFO", "logger": "request_logger", "message": "Completed", "request_id": "e1c2eeb3", "method": "GET", "url": "http://localhost:8000/health", "status_code": 200, "duration_ms": 1.4}
{"timestamp": "2026-02-23T10:22:51.937957", "level": "INFO", "logger": "request_logger", "message": "Incoming request", "request_id": "15b11c10", "method": "GET", "url": "http://localhost:8000/health"}
{"timestamp": "2026-02-23T10:22:51.939711", "level": "INFO", "logger": "request_logger", "message": "Completed", "request_id": "15b11c10", "method": "GET", "url": "http://localhost:8000/health", "status_code": 200, "duration_ms": 2.11}
{"timestamp": "2026-02-23T10:22:52.142734", "level": "INFO", "logger": "request_logger", "message": "Incoming request", "request_id": "491f72bd", "method": "GET", "url": "http://localhost:8000/health"}
{"timestamp": "2026-02-23T10:22:52.143450", "level": "INFO", "logger": "request_logger", "message": "Completed", "request_id": "491f72bd", "method": "GET", "url": "http://localhost:8000/health", "status_code": 200, "duration_ms": 0.75}
{"timestamp": "2026-02-23T10:22:52.357617", "level": "INFO", "logger": "request_logger", "message": "Incoming request", "request_id": "43ddcc9d", "method": "GET", "url": "http://localhost:8000/health"}
{"timestamp": "2026-02-23T10:22:52.359562", "level": "INFO", "logger": "request_logger", "message": "Completed", "request_id": "43ddcc9d", "method": "GET", "url": "http://localhost:8000/health", "status_code": 200, "duration_ms": 2.01}
{"timestamp": "2026-02-23T10:22:52.644201", "level": "INFO", "logger": "request_logger", "message": "Incoming request", "request_id": "e9631002", "method": "GET", "url": "http://localhost:8000/health"}
{"timestamp": "2026-02-23T10:22:52.645625", "level": "INFO", "logger": "request_logger", "message": "Completed", "request_id": "e9631002", "method": "GET", "url": "http://localhost:8000/health", "status_code": 200, "duration_ms": 1.51}
{"timestamp": "2026-02-23T10:22:52.872242", "level": "INFO", "logger": "request_logger", "message": "Incoming request", "request_id": "e2f1f751", "method": "GET", "url": "http://localhost:8000/health"}
{"timestamp": "2026-02-23T10:22:52.873554", "level": "INFO", "logger": "request_logger", "message": "Completed", "request_id": "e2f1f751", "method": "GET", "url": "http://localhost:8000/health", "status_code": 200, "duration_ms": 1.53}
{"timestamp": "2026-02-23T10:22:53.083666", "level": "INFO", "logger": "request_logger", "message": "Incoming request", "request_id": "02a219a6", "method": "GET", "url": "http://localhost:8000/health"}
{"timestamp": "2026-02-23T10:22:53.085755", "level": "INFO", "logger": "request_logger", "message": "Completed", "request_id": "02a219a6", "method": "GET", "url": "http://localhost:8000/health", "status_code": 200, "duration_ms": 2.33}
{"timestamp": "2026-02-23T10:22:53.286640", "level": "INFO", "logger": "request_logger", "message": "Incoming request", "request_id": "480eaea1", "method": "GET", "url": "http://localhost:8000/health"}
{"timestamp": "2026-02-23T10:22:53.288187", "level": "INFO", "logger": "request_logger", "message": "Completed", "request_id": "480eaea1", "method": "GET", "url": "http://localhost:8000/health", "status_code": 200, "duration_ms": 1.61}
{"timestamp": "2026-02-23T10:22:53.496285", "level": "INFO", "logger": "request_logger", "message": "Incoming request", "request_id": "4a981022", "method": "GET", "url": "http://localhost:8000/health"}
{"timestamp": "2026-02-23T10:22:53.497789", "level": "INFO", "logger": "request_logger", "message": "Completed", "request_id": "4a981022", "method": "GET", "url": "http://localhost:8000/health", "status_code": 200, "duration_ms": 1.73}
{"timestamp": "2026-02-23T10:22:53.706375", "level": "INFO", "logger": "request_logger", "message": "Incoming request", "request_id": "60608ff1", "method": "GET", "url": "http://localhost:8000/health"}
{"timestamp": "2026-02-23T10:22:53.707834", "level": "INFO", "logger": "request_logger", "message": "Completed", "request_id": "60608ff1", "method": "GET", "url": "http://localhost:8000/health", "status_code": 200, "duration_ms": 1.61}
{"timestamp": "2026-02-23T10:22:53.912696", "level": "INFO", "logger": "request_logger", "message": "Incoming request", "request_id": "208d5c7c", "method": "GET", "url": "http://localhost:8000/health"}
{"timestamp": "2026-02-23T10:22:53.913910", "level": "INFO", "logger": "request_logger", "message": "Completed", "request_id": "208d5c7c", "method": "GET", "url": "http://localhost:8000/health", "status_code": 200, "duration_ms": 1.24}
{"timestamp": "2026-02-23T10:22:54.122751", "level": "INFO", "logger": "request_logger", "message": "Incoming request", "request_id": "ab496cfd", "method": "GET", "url": "http://localhost:8000/health"}
{"timestamp": "2026-02-23T10:22:54.124553", "level": "INFO", "logger": "request_logger", "message": "Completed", "request_id": "ab496cfd", "method": "GET", "url": "http://localhost:8000/health", "status_code": 200, "duration_ms": 1.87}
{"timestamp": "2026-02-23T10:22:54.332392", "level": "INFO", "logger": "request_logger", "message": "Incoming request", "request_id": "59004dd4", "method": "GET", "url": "http://localhost:8000/health"}
{"timestamp": "2026-02-23T10:22:54.333986", "level": "INFO", "logger": "request_logger", "message": "Completed", "request_id": "59004dd4", "method": "GET", "url": "http://localhost:8000/health", "status_code": 200, "duration_ms": 1.73}
{"timestamp": "2026-02-23T10:22:54.539633", "level": "INFO", "logger": "request_logger", "message": "Incoming request", "request_id": "133abd7b", "method": "GET", "url": "http://localhost:8000/health"}
{"timestamp": "2026-02-23T10:22:54.541319", "level": "INFO", "logger": "request_logger", "message": "Completed", "request_id": "133abd7b", "method": "GET", "url": "http://localhost:8000/health", "status_code": 200, "duration_ms": 1.88}
{"timestamp": "2026-02-23T10:22:54.804050", "level": "INFO", "logger": "request_logger", "message": "Incoming request", "request_id": "c3c5d65e", "method": "GET", "url": "http://localhost:8000/health"}
{"timestamp": "2026-02-23T10:22:54.806184", "level": "INFO", "logger": "request_logger", "message": "Completed", "request_id": "c3c5d65e", "method": "GET", "url": "http://localhost:8000/health", "status_code": 200, "duration_ms": 2.22}
{"timestamp": "2026-02-23T10:22:54.952962", "level": "INFO", "logger": "request_logger", "message": "Incoming request", "request_id": "8e009e60", "method": "GET", "url": "http://localhost:8000/health"}
{"timestamp": "2026-02-23T10:22:54.954330", "level": "INFO", "logger": "request_logger", "message": "Completed", "request_id": "8e009e60", "method": "GET", "url": "http://localhost:8000/health", "status_code": 200, "duration_ms": 1.55}
{"timestamp": "2026-02-23T10:22:55.163303", "level": "INFO", "logger": "request_logger", "message": "Incoming request", "request_id": "db40a90c", "method": "GET", "url": "http://localhost:8000/health"}
{"timestamp": "2026-02-23T10:22:55.165480", "level": "INFO", "logger": "request_logger", "message": "Completed", "request_id": "db40a90c", "method": "GET", "url": "http://localhost:8000/health", "status_code": 200, "duration_ms": 2.46}
{"timestamp": "2026-02-23T10:22:55.371932", "level": "INFO", "logger": "request_logger", "message": "Incoming request", "request_id": "6b4f7500", "method": "GET", "url": "http://localhost:8000/health"}
{"timestamp": "2026-02-23T10:22:55.374226", "level": "INFO", "logger": "request_logger", "message": "Completed", "request_id": "6b4f7500", "method": "GET", "url": "http://localhost:8000/health", "status_code": 200, "duration_ms": 2.99}
{"timestamp": "2026-02-23T10:22:55.584494", "level": "INFO", "logger": "request_logger", "message": "Incoming request", "request_id": "0873c50e", "method": "GET", "url": "http://localhost:8000/health"}
{"timestamp": "2026-02-23T10:22:55.586769", "level": "INFO", "logger": "request_logger", "message": "Completed", "request_id": "0873c50e", "method": "GET", "url": "http://localhost:8000/health", "status_code": 200, "duration_ms": 2.4}
{"timestamp": "2026-02-23T10:22:55.790439", "level": "INFO", "logger": "request_logger", "message": "Incoming request", "request_id": "728847a2", "method": "GET", "url": "http://localhost:8000/health"}
{"timestamp": "2026-02-23T10:22:55.792839", "level": "INFO", "logger": "request_logger", "message": "Completed", "request_id": "728847a2", "method": "GET", "url": "http://localhost:8000/health", "status_code": 200, "duration_ms": 2.5}
{"timestamp": "2026-02-23T10:22:56.000505", "level": "INFO", "logger": "request_logger", "message": "Incoming request", "request_id": "c2d67f00", "method": "GET", "url": "http://localhost:8000/health"}
{"timestamp": "2026-02-23T10:22:56.002098", "level": "INFO", "logger": "request_logger", "message": "Completed", "request_id": "c2d67f00", "method": "GET", "url": "http://localhost:8000/health", "status_code": 200, "duration_ms": 1.81}
{"timestamp": "2026-02-23T10:22:56.207368", "level": "INFO", "logger": "request_logger", "message": "Incoming request", "request_id": "7d5f50f6", "method": "GET", "url": "http://localhost:8000/health"}
{"timestamp": "2026-02-23T10:22:56.209088", "level": "INFO", "logger": "request_logger", "message": "Completed", "request_id": "7d5f50f6", "method": "GET", "url": "http://localhost:8000/health", "status_code": 200, "duration_ms": 2.05}
{"timestamp": "2026-02-23T10:22:56.434658", "level": "INFO", "logger": "request_logger", "message": "Incoming request", "request_id": "af82ca2c", "method": "GET", "url": "http://localhost:8000/health"}
{"timestamp": "2026-02-23T10:22:56.436359", "level": "INFO", "logger": "request_logger", "message": "Completed", "request_id": "af82ca2c", "method": "GET", "url": "http://localhost:8000/health", "status_code": 200, "duration_ms": 1.88}
{"timestamp": "2026-02-23T10:22:56.622987", "level": "INFO", "logger": "request_logger", "message": "Incoming request", "request_id": "00e92ba1", "method": "GET", "url": "http://localhost:8000/health"}
{"timestamp": "2026-02-23T10:22:56.624711", "level": "INFO", "logger": "request_logger", "message": "Completed", "request_id": "00e92ba1", "method": "GET", "url": "http://localhost:8000/health", "status_code": 200, "duration_ms": 1.87}
{"timestamp": "2026-02-23T10:22:56.832810", "level": "INFO", "logger": "request_logger", "message": "Incoming request", "request_id": "a813ad74", "method": "GET", "url": "http://localhost:8000/health"}
{"timestamp": "2026-02-23T10:22:56.834432", "level": "INFO", "logger": "request_logger", "message": "Completed", "request_id": "a813ad74", "method": "GET", "url": "http://localhost:8000/health", "status_code": 200, "duration_ms": 1.74}
{"timestamp": "2026-02-23T10:22:57.035159", "level": "INFO", "logger": "request_logger", "message": "Incoming request", "request_id": "21016235", "method": "GET", "url": "http://localhost:8000/health"}
{"timestamp": "2026-02-23T10:22:57.035990", "level": "INFO", "logger": "request_logger", "message": "Completed", "request_id": "21016235", "method": "GET", "url": "http://localhost:8000/health", "status_code": 200, "duration_ms": 0.9}
{"timestamp": "2026-02-23T10:22:57.245639", "level": "INFO", "logger": "request_logger", "message": "Incoming request", "request_id": "08a07209", "method": "GET", "url": "http://localhost:8000/health"}
{"timestamp": "2026-02-23T10:22:57.247353", "level": "INFO", "logger": "request_logger", "message": "Completed", "request_id": "08a07209", "method": "GET", "url": "http://localhost:8000/health", "status_code": 200, "duration_ms": 1.79}
{"timestamp": "2026-02-23T10:22:57.518989", "level": "INFO", "logger": "request_logger", "message": "Incoming request", "request_id": "74cba76f", "method": "GET", "url": "http://localhost:8000/health"}
{"timestamp": "2026-02-23T10:22:57.520605", "level": "INFO", "logger": "request_logger", "message": "Completed", "request_id": "74cba76f", "method": "GET", "url": "http://localhost:8000/health", "status_code": 200, "duration_ms": 1.66}
{"timestamp": "2026-02-23T10:22:57.654423", "level": "INFO", "logger": "request_logger", "message": "Incoming request", "request_id": "0ff8d3dc", "method": "GET", "url": "http://localhost:8000/health"}
{"timestamp": "2026-02-23T10:22:57.655916", "level": "INFO", "logger": "request_logger", "message": "Completed", "request_id": "0ff8d3dc", "method": "GET", "url": "http://localhost:8000/health", "status_code": 200, "duration_ms": 1.55}
{"timestamp": "2026-02-23T10:22:57.874167", "level": "INFO", "logger": "request_logger", "message": "Incoming request", "request_id": "b9778df7", "method": "GET", "url": "http://localhost:8000/health"}
{"timestamp": "2026-02-23T10:22:57.876125", "level": "INFO", "logger": "request_logger", "message": "Completed", "request_id": "b9778df7", "method": "GET", "url": "http://localhost:8000/health", "status_code": 200, "duration_ms": 2.13}
{"timestamp": "2026-02-23T10:22:58.079334", "level": "INFO", "logger": "request_logger", "message": "Incoming request", "request_id": "ab1f73fe", "method": "GET", "url": "http://localhost:8000/health"}
{"timestamp": "2026-02-23T10:22:58.081002", "level": "INFO", "logger": "request_logger", "message": "Completed", "request_id": "ab1f73fe", "method": "GET", "url": "http://localhost:8000/health", "status_code": 200, "duration_ms": 1.77}
{"timestamp": "2026-02-23T10:22:58.287857", "level": "INFO", "logger": "request_logger", "message": "Incoming request", "request_id": "9f2e5265", "method": "GET", "url": "http://localhost:8000/health"}
{"timestamp": "2026-02-23T10:22:58.289343", "level": "INFO", "logger": "request_logger", "message": "Completed", "request_id": "9f2e5265", "method": "GET", "url": "http://localhost:8000/health", "status_code": 200, "duration_ms": 1.59}
{"timestamp": "2026-02-23T10:22:58.496378", "level": "INFO", "logger": "request_logger", "message": "Incoming request", "request_id": "dea6daa0", "method": "GET", "url": "http://localhost:8000/health"}
{"timestamp": "2026-02-23T10:22:58.497804", "level": "INFO", "logger": "request_logger", "message": "Completed", "request_id": "dea6daa0", "method": "GET", "url": "http://localhost:8000/health", "status_code": 200, "duration_ms": 1.52}
{"timestamp": "2026-02-23T10:22:58.706531", "level": "INFO", "logger": "request_logger", "message": "Incoming request", "request_id": "dc26ce72", "method": "GET", "url": "http://localhost:8000/health"}
{"timestamp": "2026-02-23T10:22:58.708243", "level": "INFO", "logger": "request_logger", "message": "Completed", "request_id": "dc26ce72", "method": "GET", "url": "http://localhost:8000/health", "status_code": 200, "duration_ms": 1.87}
{"timestamp": "2026-02-23T10:22:58.988657", "level": "INFO", "logger": "request_logger", "message": "Incoming request", "request_id": "64c9cbe0", "method": "GET", "url": "http://localhost:8000/health"}
{"timestamp": "2026-02-23T10:22:58.989611", "level": "INFO", "logger": "request_logger", "message": "Completed", "request_id": "64c9cbe0", "method": "GET", "url": "http://localhost:8000/health", "status_code": 200, "duration_ms": 0.97}
{"timestamp": "2026-02-23T10:22:59.120705", "level": "INFO", "logger": "request_logger", "message": "Incoming request", "request_id": "a27fa7e9", "method": "GET", "url": "http://localhost:8000/health"}
{"timestamp": "2026-02-23T10:22:59.121758", "level": "INFO", "logger": "request_logger", "message": "Completed", "request_id": "a27fa7e9", "method": "GET", "url": "http://localhost:8000/health", "status_code": 200, "duration_ms": 1.08}
{"timestamp": "2026-02-23T10:22:59.332618", "level": "INFO", "logger": "request_logger", "message": "Incoming request", "request_id": "b3c68caa", "method": "GET", "url": "http://localhost:8000/health"}
{"timestamp": "2026-02-23T10:22:59.334447", "level": "INFO", "logger": "request_logger", "message": "Completed", "request_id": "b3c68caa", "method": "GET", "url": "http://localhost:8000/health", "status_code": 200, "duration_ms": 1.89}
{"timestamp": "2026-02-23T10:22:59.538655", "level": "INFO", "logger": "request_logger", "message": "Incoming request", "request_id": "3859a470", "method": "GET", "url": "http://localhost:8000/health"}
{"timestamp": "2026-02-23T10:22:59.540157", "level": "INFO", "logger": "request_logger", "message": "Completed", "request_id": "3859a470", "method": "GET", "url": "http://localhost:8000/health", "status_code": 200, "duration_ms": 1.56}
{"timestamp": "2026-02-23T10:22:59.743164", "level": "INFO", "logger": "request_logger", "message": "Incoming request", "request_id": "81af2e10", "method": "GET", "url": "http://localhost:8000/health"}
{"timestamp": "2026-02-23T10:22:59.744886", "level": "INFO", "logger": "request_logger", "message": "Completed", "request_id": "81af2e10", "method": "GET", "url": "http://localhost:8000/health", "status_code": 200, "duration_ms": 1.79}
{"timestamp": "2026-02-23T10:22:59.953378", "level": "INFO", "logger": "request_logger", "message": "Incoming request", "request_id": "1083184b", "method": "GET", "url": "http://localhost:8000/health"}
{"timestamp": "2026-02-23T10:22:59.954730", "level": "INFO", "logger": "request_logger", "message": "Completed", "request_id": "1083184b", "method": "GET", "url": "http://localhost:8000/health", "status_code": 200, "duration_ms": 1.46}
{"timestamp": "2026-02-23T10:23:00.160110", "level": "INFO", "logger": "request_logger", "message": "Incoming request", "request_id": "29ef1c00", "method": "GET", "url": "http://localhost:8000/health"}
{"timestamp": "2026-02-23T10:23:00.162504", "level": "INFO", "logger": "request_logger", "message": "Completed", "request_id": "29ef1c00", "method": "GET", "url": "http://localhost:8000/health", "status_code": 200, "duration_ms": 2.58}
{"timestamp": "2026-02-23T10:23:00.379306", "level": "INFO", "logger": "request_logger", "message": "Incoming request", "request_id": "3dd520ae", "method": "GET", "url": "http://localhost:8000/health"}
{"timestamp": "2026-02-23T10:23:00.380811", "level": "INFO", "logger": "request_logger", "message": "Completed", "request_id": "3dd520ae", "method": "GET", "url": "http://localhost:8000/health", "status_code": 200, "duration_ms": 1.59}
{"timestamp": "2026-02-23T10:23:00.576940", "level": "INFO", "logger": "request_logger", "message": "Incoming request", "request_id": "bfb2dbc5", "method": "GET", "url": "http://localhost:8000/health"}
{"timestamp": "2026-02-23T10:23:00.579025", "level": "INFO", "logger": "request_logger", "message": "Completed", "request_id": "bfb2dbc5", "method": "GET", "url": "http://localhost:8000/health", "status_code": 200, "duration_ms": 2.17}
{"timestamp": "2026-02-23T10:23:00.784395", "level": "INFO", "logger": "request_logger", "message": "Incoming request", "request_id": "85902f93", "method": "GET", "url": "http://localhost:8000/health"}
{"timestamp": "2026-02-23T10:23:00.786079", "level": "INFO", "logger": "request_logger", "message": "Completed", "request_id": "85902f93", "method": "GET", "url": "http://localhost:8000/health", "status_code": 200, "duration_ms": 1.82}
{"timestamp": "2026-02-23T10:23:00.992968", "level": "INFO", "logger": "request_logger", "message": "Incoming request", "request_id": "71392381", "method": "GET", "url": "http://localhost:8000/health"}
{"timestamp": "2026-02-23T10:23:00.994587", "level": "INFO", "logger": "request_logger", "message": "Completed", "request_id": "71392381", "method": "GET", "url": "http://localhost:8000/health", "status_code": 200, "duration_ms": 1.76}
{"timestamp": "2026-02-23T10:23:01.195554", "level": "INFO", "logger": "request_logger", "message": "Incoming request", "request_id": "e964f65a", "method": "GET", "url": "http://localhost:8000/health"}
{"timestamp": "2026-02-23T10:23:01.197345", "level": "INFO", "logger": "request_logger", "message": "Completed", "request_id": "e964f65a", "method": "GET", "url": "http://localhost:8000/health", "status_code": 200, "duration_ms": 1.88}
{"timestamp": "2026-02-23T10:23:01.460343", "level": "INFO", "logger": "request_logger", "message": "Incoming request", "request_id": "a6ce2ad9", "method": "GET", "url": "http://localhost:8000/health"}
{"timestamp": "2026-02-23T10:23:01.461732", "level": "INFO", "logger": "request_logger", "message": "Completed", "request_id": "a6ce2ad9", "method": "GET", "url": "http://localhost:8000/health", "status_code": 200, "duration_ms": 1.45}
{"timestamp": "2026-02-23T10:23:01.614006", "level": "INFO", "logger": "request_logger", "message": "Incoming request", "request_id": "e001676c", "method": "GET", "url": "http://localhost:8000/health"}
{"timestamp": "2026-02-23T10:23:01.615844", "level": "INFO", "logger": "request_logger", "message": "Completed", "request_id": "e001676c", "method": "GET", "url": "http://localhost:8000/health", "status_code": 200, "duration_ms": 1.86}
{"timestamp": "2026-02-23T10:23:01.816303", "level": "INFO", "logger": "request_logger", "message": "Incoming request", "request_id": "5012cabb", "method": "GET", "url": "http://localhost:8000/health"}
{"timestamp": "2026-02-23T10:23:01.817894", "level": "INFO", "logger": "request_logger", "message": "Completed", "request_id": "5012cabb", "method": "GET", "url": "http://localhost:8000/health", "status_code": 200, "duration_ms": 1.65}
{"timestamp": "2026-02-23T10:23:02.024306", "level": "INFO", "logger": "request_logger", "message": "Incoming request", "request_id": "1bc5efff", "method": "GET", "url": "http://localhost:8000/health"}
{"timestamp": "2026-02-23T10:23:02.025870", "level": "INFO", "logger": "request_logger", "message": "Completed", "request_id": "1bc5efff", "method": "GET", "url": "http://localhost:8000/health", "status_code": 200, "duration_ms": 1.7}
{"timestamp": "2026-02-23T10:23:02.235539", "level": "INFO", "logger": "request_logger", "message": "Incoming request", "request_id": "c9089940", "method": "GET", "url": "http://localhost:8000/health"}
{"timestamp": "2026-02-23T10:23:02.237769", "level": "INFO", "logger": "request_logger", "message": "Completed", "request_id": "c9089940", "method": "GET", "url": "http://localhost:8000/health", "status_code": 200, "duration_ms": 2.29}
{"timestamp": "2026-02-23T10:23:02.439542", "level": "INFO", "logger": "request_logger", "message": "Incoming request", "request_id": "e7ee5419", "method": "GET", "url": "http://localhost:8000/health"}
{"timestamp": "2026-02-23T10:23:02.441878", "level": "INFO", "logger": "request_logger", "message": "Completed", "request_id": "e7ee5419", "method": "GET", "url": "http://localhost:8000/health", "status_code": 200, "duration_ms": 2.43}
{"timestamp": "2026-02-23T10:23:02.648971", "level": "INFO", "logger": "request_logger", "message": "Incoming request", "request_id": "045e4b11", "method": "GET", "url": "http://localhost:8000/health"}
{"timestamp": "2026-02-23T10:23:02.650857", "level": "INFO", "logger": "request_logger", "message": "Completed", "request_id": "045e4b11", "method": "GET", "url": "http://localhost:8000/health", "status_code": 200, "duration_ms": 1.98}
{"timestamp": "2026-02-23T10:23:02.849443", "level": "INFO", "logger": "request_logger", "message": "Incoming request", "request_id": "e2f2f883", "method": "GET", "url": "http://localhost:8000/health"}
{"timestamp": "2026-02-23T10:23:02.851009", "level": "INFO", "logger": "request_logger", "message": "Completed", "request_id": "e2f2f883", "method": "GET", "url": "http://localhost:8000/health", "status_code": 200, "duration_ms": 1.64}
{"timestamp": "2026-02-23T10:23:03.073385", "level": "INFO", "logger": "request_logger", "message": "Incoming request", "request_id": "bfe6be7a", "method": "GET", "url": "http://localhost:8000/health"}
{"timestamp": "2026-02-23T10:23:03.074967", "level": "INFO", "logger": "request_logger", "message": "Completed", "request_id": "bfe6be7a", "method": "GET", "url": "http://localhost:8000/health", "status_code": 200, "duration_ms": 1.63}
{"timestamp": "2026-02-23T10:23:03.335902", "level": "INFO", "logger": "request_logger", "message": "Incoming request", "request_id": "51e7e43f", "method": "GET", "url": "http://localhost:8000/health"}
{"timestamp": "2026-02-23T10:23:03.337674", "level": "INFO", "logger": "request_logger", "message": "Completed", "request_id": "51e7e43f", "method": "GET", "url": "http://localhost:8000/health", "status_code": 200, "duration_ms": 1.9}
{"timestamp": "2026-02-23T10:23:03.479251", "level": "INFO", "logger": "request_logger", "message": "Incoming request", "request_id": "21d1bc4b", "method": "GET", "url": "http://localhost:8000/health"}
{"timestamp": "2026-02-23T10:23:03.481004", "level": "INFO", "logger": "request_logger", "message": "Completed", "request_id": "21d1bc4b", "method": "GET", "url": "http://localhost:8000/health", "status_code": 200, "duration_ms": 1.83}
{"timestamp": "2026-02-23T10:23:03.679956", "level": "INFO", "logger": "request_logger", "message": "Incoming request", "request_id": "019193a9", "method": "GET", "url": "http://localhost:8000/health"}
{"timestamp": "2026-02-23T10:23:03.682083", "level": "INFO", "logger": "request_logger", "message": "Completed", "request_id": "019193a9", "method": "GET", "url": "http://localhost:8000/health", "status_code": 200, "duration_ms": 2.14}
{"timestamp": "2026-02-23T10:23:03.892005", "level": "INFO", "logger": "request_logger", "message": "Incoming request", "request_id": "5c172d14", "method": "GET", "url": "http://localhost:8000/health"}
{"timestamp": "2026-02-23T10:23:03.893592", "level": "INFO", "logger": "request_logger", "message": "Completed", "request_id": "5c172d14", "method": "GET", "url": "http://localhost:8000/health", "status_code": 200, "duration_ms": 1.65}
{"timestamp": "2026-02-23T10:23:04.102598", "level": "INFO", "logger": "request_logger", "message": "Incoming request", "request_id": "0054c64b", "method": "GET", "url": "http://localhost:8000/health"}
{"timestamp": "2026-02-23T10:23:04.103958", "level": "INFO", "logger": "request_logger", "message": "Completed", "request_id": "0054c64b", "method": "GET", "url": "http://localhost:8000/health", "status_code": 200, "duration_ms": 1.49}
{"timestamp": "2026-02-23T10:23:04.307466", "level": "INFO", "logger": "request_logger", "message": "Incoming request", "request_id": "194f6995", "method": "GET", "url": "http://localhost:8000/health"}
{"timestamp": "2026-02-23T10:23:04.308962", "level": "INFO", "logger": "request_logger", "message": "Completed", "request_id": "194f6995", "method": "GET", "url": "http://localhost:8000/health", "status_code": 200, "duration_ms": 1.54}
{"timestamp": "2026-02-23T10:23:04.517889", "level": "INFO", "logger": "request_logger", "message": "Incoming request", "request_id": "5462e918", "method": "GET", "url": "http://localhost:8000/health"}
{"timestamp": "2026-02-23T10:23:04.519419", "level": "INFO", "logger": "request_logger", "message": "Completed", "request_id": "5462e918", "method": "GET", "url": "http://localhost:8000/health", "status_code": 200, "duration_ms": 1.61}
{"timestamp": "2026-02-23T10:23:04.728383", "level": "INFO", "logger": "request_logger", "message": "Incoming request", "request_id": "d48c786b", "method": "GET", "url": "http://localhost:8000/health"}
{"timestamp": "2026-02-23T10:23:04.730194", "level": "INFO", "logger": "request_logger", "message": "Completed", "request_id": "d48c786b", "method": "GET", "url": "http://localhost:8000/health", "status_code": 200, "duration_ms": 1.88}
{"timestamp": "2026-02-23T10:23:04.964675", "level": "INFO", "logger": "request_logger", "message": "Incoming request", "request_id": "efc74ed8", "method": "GET", "url": "http://localhost:8000/health"}
{"timestamp": "2026-02-23T10:23:04.966707", "level": "INFO", "logger": "request_logger", "message": "Completed", "request_id": "efc74ed8", "method": "GET", "url": "http://localhost:8000/health", "status_code": 200, "duration_ms": 2.1}
{"timestamp": "2026-02-23T10:23:05.157968", "level": "INFO", "logger": "request_logger", "message": "Incoming request", "request_id": "2968be37", "method": "GET", "url": "http://localhost:8000/health"}
{"timestamp": "2026-02-23T10:23:05.159910", "level": "INFO", "logger": "request_logger", "message": "Completed", "request_id": "2968be37", "method": "GET", "url": "http://localhost:8000/health", "status_code": 200, "duration_ms": 2.02}
{"timestamp": "2026-02-23T10:23:05.348614", "level": "INFO", "logger": "request_logger", "message": "Incoming request", "request_id": "6ad36d91", "method": "GET", "url": "http://localhost:8000/health"}
{"timestamp": "2026-02-23T10:23:05.350201", "level": "INFO", "logger": "request_logger", "message": "Completed", "request_id": "6ad36d91", "method": "GET", "url": "http://localhost:8000/health", "status_code": 200, "duration_ms": 1.72}
{"timestamp": "2026-02-23T10:23:05.555161", "level": "INFO", "logger": "request_logger", "message": "Incoming request", "request_id": "44cde36a", "method": "GET", "url": "http://localhost:8000/health"}
{"timestamp": "2026-02-23T10:23:05.556697", "level": "INFO", "logger": "request_logger", "message": "Completed", "request_id": "44cde36a", "method": "GET", "url": "http://localhost:8000/health", "status_code": 200, "duration_ms": 1.62}
{"timestamp": "2026-02-23T10:23:05.786283", "level": "INFO", "logger": "request_logger", "message": "Incoming request", "request_id": "c298bdbe", "method": "GET", "url": "http://localhost:8000/health"}
{"timestamp": "2026-02-23T10:23:05.787929", "level": "INFO", "logger": "request_logger", "message": "Completed", "request_id": "c298bdbe", "method": "GET", "url": "http://localhost:8000/health", "status_code": 200, "duration_ms": 1.81}
{"timestamp": "2026-02-23T10:23:05.964716", "level": "INFO", "logger": "request_logger", "message": "Incoming request", "request_id": "77a88cc8", "method": "GET", "url": "http://localhost:8000/health"}
{"timestamp": "2026-02-23T10:23:05.966686", "level": "INFO", "logger": "request_logger", "message": "Completed", "request_id": "77a88cc8", "method": "GET", "url": "http://localhost:8000/health", "status_code": 200, "duration_ms": 1.99}
{"timestamp": "2026-02-23T10:23:06.174771", "level": "INFO", "logger": "request_logger", "message": "Incoming request", "request_id": "8113233e", "method": "GET", "url": "http://localhost:8000/health"}
{"timestamp": "2026-02-23T10:23:06.175822", "level": "INFO", "logger": "request_logger", "message": "Completed", "request_id": "8113233e", "method": "GET", "url": "http://localhost:8000/health", "status_code": 200, "duration_ms": 1.07}
{"timestamp": "2026-02-23T10:23:06.180678", "level": "INFO", "logger": "request_logger", "message": "Incoming request", "request_id": "1e1166e6", "method": "POST", "url": "http://localhost:8000/predict"}
{"timestamp": "2026-02-23T10:23:06.216483", "level": "INFO", "logger": "request_logger", "message": "Completed", "request_id": "1e1166e6", "method": "POST", "url": "http://localhost:8000/predict", "status_code": 200, "duration_ms": 35.85}
{"timestamp": "2026-02-23T10:23:06.380809", "level": "INFO", "logger": "request_logger", "message": "Incoming request", "request_id": "1da97fae", "method": "GET", "url": "http://localhost:8000/health"}
{"timestamp": "2026-02-23T10:23:06.382440", "level": "INFO", "logger": "request_logger", "message": "Completed", "request_id": "1da97fae", "method": "GET", "url": "http://localhost:8000/health", "status_code": 200, "duration_ms": 1.66}
{"timestamp": "2026-02-23T10:23:06.593326", "level": "INFO", "logger": "request_logger", "message": "Incoming request", "request_id": "9b67bf4a", "method": "GET", "url": "http://localhost:8000/health"}
{"timestamp": "2026-02-23T10:23:06.594992", "level": "INFO", "logger": "request_logger", "message": "Completed", "request_id": "9b67bf4a", "method": "GET", "url": "http://localhost:8000/health", "status_code": 200, "duration_ms": 2.18}
{"timestamp": "2026-02-23T10:23:06.823363", "level": "INFO", "logger": "request_logger", "message": "Incoming request", "request_id": "99b4d812", "method": "GET", "url": "http://localhost:8000/health"}
{"timestamp": "2026-02-23T10:23:06.825042", "level": "INFO", "logger": "request_logger", "message": "Completed", "request_id": "99b4d812", "method": "GET", "url": "http://localhost:8000/health", "status_code": 200, "duration_ms": 1.76}
{"timestamp": "2026-02-23T10:23:07.014865", "level": "INFO", "logger": "request_logger", "message": "Incoming request", "request_id": "b62234fd", "method": "GET", "url": "http://localhost:8000/health"}
{"timestamp": "2026-02-23T10:23:07.017891", "level": "INFO", "logger": "request_logger", "message": "Completed", "request_id": "b62234fd", "method": "GET", "url": "http://localhost:8000/health", "status_code": 200, "duration_ms": 3.17}
{"timestamp": "2026-02-23T10:23:07.243789", "level": "INFO", "logger": "request_logger", "message": "Incoming request", "request_id": "e775e487", "method": "GET", "url": "http://localhost:8000/health"}
{"timestamp": "2026-02-23T10:23:07.245580", "level": "INFO", "logger": "request_logger", "message": "Completed", "request_id": "e775e487", "method": "GET", "url": "http://localhost:8000/health", "status_code": 200, "duration_ms": 1.98}
{"timestamp": "2026-02-23T10:23:07.434487", "level": "INFO", "logger": "request_logger", "message": "Incoming request", "request_id": "1793bad7", "method": "GET", "url": "http://localhost:8000/health"}
{"timestamp": "2026-02-23T10:23:07.436101", "level": "INFO", "logger": "request_logger", "message": "Completed", "request_id": "1793bad7", "method": "GET", "url": "http://localhost:8000/health", "status_code": 200, "duration_ms": 1.7}
{"timestamp": "2026-02-23T10:23:07.637939", "level": "INFO", "logger": "request_logger", "message": "Incoming request", "request_id": "01af0691", "method": "GET", "url": "http://localhost:8000/health"}
{"timestamp": "2026-02-23T10:23:07.639686", "level": "INFO", "logger": "request_logger", "message": "Completed", "request_id": "01af0691", "method": "GET", "url": "http://localhost:8000/health", "status_code": 200, "duration_ms": 1.86}
{"timestamp": "2026-02-23T10:23:07.863378", "level": "INFO", "logger": "request_logger", "message": "Incoming request", "request_id": "d9beaba2", "method": "GET", "url": "http://localhost:8000/health"}
{"timestamp": "2026-02-23T10:23:07.865406", "level": "INFO", "logger": "request_logger", "message": "Completed", "request_id": "d9beaba2", "method": "GET", "url": "http://localhost:8000/health", "status_code": 200, "duration_ms": 2.56}
{"timestamp": "2026-02-23T10:23:08.056411", "level": "INFO", "logger": "request_logger", "message": "Incoming request", "request_id": "abc8f712", "method": "GET", "url": "http://localhost:8000/health"}
{"timestamp": "2026-02-23T10:23:08.058124", "level": "INFO", "logger": "request_logger", "message": "Completed", "request_id": "abc8f712", "method": "GET", "url": "http://localhost:8000/health", "status_code": 200, "duration_ms": 1.83}
{"timestamp": "2026-02-23T10:23:08.266130", "level": "INFO", "logger": "request_logger", "message": "Incoming request", "request_id": "acdeece0", "method": "GET", "url": "http://localhost:8000/health"}
{"timestamp": "2026-02-23T10:23:08.268197", "level": "INFO", "logger": "request_logger", "message": "Completed", "request_id": "acdeece0", "method": "GET", "url": "http://localhost:8000/health", "status_code": 200, "duration_ms": 2.1}
{"timestamp": "2026-02-23T10:23:08.472810", "level": "INFO", "logger": "request_logger", "message": "Incoming request", "request_id": "2931da25", "method": "GET", "url": "http://localhost:8000/health"}
{"timestamp": "2026-02-23T10:23:08.474506", "level": "INFO", "logger": "request_logger", "message": "Completed", "request_id": "2931da25", "method": "GET", "url": "http://localhost:8000/health", "status_code": 200, "duration_ms": 1.78}
{"timestamp": "2026-02-23T10:23:08.757329", "level": "INFO", "logger": "request_logger", "message": "Incoming request", "request_id": "0fb38279", "method": "GET", "url": "http://localhost:8000/health"}
{"timestamp": "2026-02-23T10:23:08.758161", "level": "INFO", "logger": "request_logger", "message": "Completed", "request_id": "0fb38279", "method": "GET", "url": "http://localhost:8000/health", "status_code": 200, "duration_ms": 0.86}
{"timestamp": "2026-02-23T10:23:08.990531", "level": "INFO", "logger": "request_logger", "message": "Incoming request", "request_id": "7a8998ee", "method": "GET", "url": "http://localhost:8000/health"}
{"timestamp": "2026-02-23T10:23:08.991952", "level": "INFO", "logger": "request_logger", "message": "Completed", "request_id": "7a8998ee", "method": "GET", "url": "http://localhost:8000/health", "status_code": 200, "duration_ms": 1.52}
{"timestamp": "2026-02-23T10:23:09.196864", "level": "INFO", "logger": "request_logger", "message": "Incoming request", "request_id": "7162e398", "method": "GET", "url": "http://localhost:8000/health"}
{"timestamp": "2026-02-23T10:23:09.198256", "level": "INFO", "logger": "request_logger", "message": "Completed", "request_id": "7162e398", "method": "GET", "url": "http://localhost:8000/health", "status_code": 200, "duration_ms": 1.53}
{"timestamp": "2026-02-23T10:23:09.403245", "level": "INFO", "logger": "request_logger", "message": "Incoming request", "request_id": "2ace61b2", "method": "GET", "url": "http://localhost:8000/health"}
{"timestamp": "2026-02-23T10:23:09.404825", "level": "INFO", "logger": "request_logger", "message": "Completed", "request_id": "2ace61b2", "method": "GET", "url": "http://localhost:8000/health", "status_code": 200, "duration_ms": 1.63}
{"timestamp": "2026-02-23T10:23:09.614988", "level": "INFO", "logger": "request_logger", "message": "Incoming request", "request_id": "295b1eb6", "method": "GET", "url": "http://localhost:8000/health"}
{"timestamp": "2026-02-23T10:23:09.616469", "level": "INFO", "logger": "request_logger", "message": "Completed", "request_id": "295b1eb6", "method": "GET", "url": "http://localhost:8000/health", "status_code": 200, "duration_ms": 1.56}
{"timestamp": "2026-02-23T10:23:09.824965", "level": "INFO", "logger": "request_logger", "message": "Incoming request", "request_id": "a1903130", "method": "GET", "url": "http://localhost:8000/health"}
{"timestamp": "2026-02-23T10:23:09.826623", "level": "INFO", "logger": "request_logger", "message": "Completed", "request_id": "a1903130", "method": "GET", "url": "http://localhost:8000/health", "status_code": 200, "duration_ms": 1.76}
{"timestamp": "2026-02-23T10:23:10.029419", "level": "INFO", "logger": "request_logger", "message": "Incoming request", "request_id": "22737d59", "method": "GET", "url": "http://localhost:8000/health"}
{"timestamp": "2026-02-23T10:23:10.031093", "level": "INFO", "logger": "request_logger", "message": "Completed", "request_id": "22737d59", "method": "GET", "url": "http://localhost:8000/health", "status_code": 200, "duration_ms": 1.77}
{"timestamp": "2026-02-23T10:23:10.240326", "level": "INFO", "logger": "request_logger", "message": "Incoming request", "request_id": "5ad1bfee", "method": "GET", "url": "http://localhost:8000/health"}
{"timestamp": "2026-02-23T10:23:10.242181", "level": "INFO", "logger": "request_logger", "message": "Completed", "request_id": "5ad1bfee", "method": "GET", "url": "http://localhost:8000/health", "status_code": 200, "duration_ms": 2.02}
{"timestamp": "2026-02-23T10:23:10.450672", "level": "INFO", "logger": "request_logger", "message": "Incoming request", "request_id": "fb8592e6", "method": "GET", "url": "http://localhost:8000/health"}
{"timestamp": "2026-02-23T10:23:10.453048", "level": "INFO", "logger": "request_logger", "message": "Completed", "request_id": "fb8592e6", "method": "GET", "url": "http://localhost:8000/health", "status_code": 200, "duration_ms": 2.44}
{"timestamp": "2026-02-23T10:23:10.655674", "level": "INFO", "logger": "request_logger", "message": "Incoming request", "request_id": "ceaae9d6", "method": "GET", "url": "http://localhost:8000/health"}
{"timestamp": "2026-02-23T10:23:10.657457", "level": "INFO", "logger": "request_logger", "message": "Completed", "request_id": "ceaae9d6", "method": "GET", "url": "http://localhost:8000/health", "status_code": 200, "duration_ms": 2.03}
{"timestamp": "2026-02-23T10:23:10.873967", "level": "INFO", "logger": "request_logger", "message": "Incoming request", "request_id": "1117454e", "method": "GET", "url": "http://localhost:8000/health"}
{"timestamp": "2026-02-23T10:23:10.875785", "level": "INFO", "logger": "request_logger", "message": "Completed", "request_id": "1117454e", "method": "GET", "url": "http://localhost:8000/health", "status_code": 200, "duration_ms": 1.89}
{"timestamp": "2026-02-23T10:23:11.159131", "level": "INFO", "logger": "request_logger", "message": "Incoming request", "request_id": "4a35c3fb", "method": "GET", "url": "http://localhost:8000/health"}
{"timestamp": "2026-02-23T10:23:11.160600", "level": "INFO", "logger": "request_logger", "message": "Completed", "request_id": "4a35c3fb", "method": "GET", "url": "http://localhost:8000/health", "status_code": 200, "duration_ms": 1.54}
{"timestamp": "2026-02-23T10:23:11.382637", "level": "INFO", "logger": "request_logger", "message": "Incoming request", "request_id": "8f2b7b9c", "method": "GET", "url": "http://localhost:8000/health"}
{"timestamp": "2026-02-23T10:23:11.384348", "level": "INFO", "logger": "request_logger", "message": "Completed", "request_id": "8f2b7b9c", "method": "GET", "url": "http://localhost:8000/health", "status_code": 200, "duration_ms": 1.8}
{"timestamp": "2026-02-23T10:23:11.586174", "level": "INFO", "logger": "request_logger", "message": "Incoming request", "request_id": "a254bdd8", "method": "GET", "url": "http://localhost:8000/health"}
{"timestamp": "2026-02-23T10:23:11.588090", "level": "INFO", "logger": "request_logger", "message": "Completed", "request_id": "a254bdd8", "method": "GET", "url": "http://localhost:8000/health", "status_code": 200, "duration_ms": 1.96}
{"timestamp": "2026-02-23T10:23:11.796740", "level": "INFO", "logger": "request_logger", "message": "Incoming request", "request_id": "8be4fa72", "method": "GET", "url": "http://localhost:8000/health"}
{"timestamp": "2026-02-23T10:23:11.798695", "level": "INFO", "logger": "request_logger", "message": "Completed", "request_id": "8be4fa72", "method": "GET", "url": "http://localhost:8000/health", "status_code": 200, "duration_ms": 1.98}
{"timestamp": "2026-02-23T10:23:12.003354", "level": "INFO", "logger": "request_logger", "message": "Incoming request", "request_id": "89067ee8", "method": "GET", "url": "http://localhost:8000/health"}
{"timestamp": "2026-02-23T10:23:12.004726", "level": "INFO", "logger": "request_logger", "message": "Completed", "request_id": "89067ee8", "method": "GET", "url": "http://localhost:8000/health", "status_code": 200, "duration_ms": 1.45}
{"timestamp": "2026-02-23T10:23:12.211506", "level": "INFO", "logger": "request_logger", "message": "Incoming request", "request_id": "5cf17665", "method": "GET", "url": "http://localhost:8000/health"}
{"timestamp": "2026-02-23T10:23:12.212743", "level": "INFO", "logger": "request_logger", "message": "Completed", "request_id": "5cf17665", "method": "GET", "url": "http://localhost:8000/health", "status_code": 200, "duration_ms": 1.4}
{"timestamp": "2026-02-23T10:23:12.424208", "level": "INFO", "logger": "request_logger", "message": "Incoming request", "request_id": "ce8fc8e9", "method": "GET", "url": "http://localhost:8000/health"}
{"timestamp": "2026-02-23T10:23:12.425948", "level": "INFO", "logger": "request_logger", "message": "Completed", "request_id": "ce8fc8e9", "method": "GET", "url": "http://localhost:8000/health", "status_code": 200, "duration_ms": 1.8}
{"timestamp": "2026-02-23T10:23:12.625789", "level": "INFO", "logger": "request_logger", "message": "Incoming request", "request_id": "4be3b60d", "method": "GET", "url": "http://localhost:8000/health"}
{"timestamp": "2026-02-23T10:23:12.627783", "level": "INFO", "logger": "request_logger", "message": "Completed", "request_id": "4be3b60d", "method": "GET", "url": "http://localhost:8000/health", "status_code": 200, "duration_ms": 2.35}
{"timestamp": "2026-02-23T10:23:12.838320", "level": "INFO", "logger": "request_logger", "message": "Incoming request", "request_id": "00c80c91", "method": "GET", "url": "http://localhost:8000/health"}
{"timestamp": "2026-02-23T10:23:12.840123", "level": "INFO", "logger": "request_logger", "message": "Completed", "request_id": "00c80c91", "method": "GET", "url": "http://localhost:8000/health", "status_code": 200, "duration_ms": 1.9}
{"timestamp": "2026-02-23T10:23:13.041595", "level": "INFO", "logger": "request_logger", "message": "Incoming request", "request_id": "4b5e6615", "method": "GET", "url": "http://localhost:8000/health"}
{"timestamp": "2026-02-23T10:23:13.043769", "level": "INFO", "logger": "request_logger", "message": "Completed", "request_id": "4b5e6615", "method": "GET", "url": "http://localhost:8000/health", "status_code": 200, "duration_ms": 2.26}
{"timestamp": "2026-02-23T10:23:13.250924", "level": "INFO", "logger": "request_logger", "message": "Incoming request", "request_id": "4b717b05", "method": "GET", "url": "http://localhost:8000/health"}
{"timestamp": "2026-02-23T10:23:13.253294", "level": "INFO", "logger": "request_logger", "message": "Completed", "request_id": "4b717b05", "method": "GET", "url": "http://localhost:8000/health", "status_code": 200, "duration_ms": 2.46}
{"timestamp": "2026-02-23T10:23:13.457593", "level": "INFO", "logger": "request_logger", "message": "Incoming request", "request_id": "1b1f5c27", "method": "GET", "url": "http://localhost:8000/health"}
{"timestamp": "2026-02-23T10:23:13.459230", "level": "INFO", "logger": "request_logger", "message": "Completed", "request_id": "1b1f5c27", "method": "GET", "url": "http://localhost:8000/health", "status_code": 200, "duration_ms": 1.77}
{"timestamp": "2026-02-23T10:23:13.693476", "level": "INFO", "logger": "request_logger", "message": "Incoming request", "request_id": "22da6a59", "method": "GET", "url": "http://localhost:8000/health"}
{"timestamp": "2026-02-23T10:23:13.695477", "level": "INFO", "logger": "request_logger", "message": "Completed", "request_id": "22da6a59", "method": "GET", "url": "http://localhost:8000/health", "status_code": 200, "duration_ms": 2.07}
{"timestamp": "2026-02-23T10:23:13.873099", "level": "INFO", "logger": "request_logger", "message": "Incoming request", "request_id": "b2aa1939", "method": "GET", "url": "http://localhost:8000/health"}
{"timestamp": "2026-02-23T10:23:13.874698", "level": "INFO", "logger": "request_logger", "message": "Completed", "request_id": "b2aa1939", "method": "GET", "url": "http://localhost:8000/health", "status_code": 200, "duration_ms": 1.77}
{"timestamp": "2026-02-23T10:23:14.078555", "level": "INFO", "logger": "request_logger", "message": "Incoming request", "request_id": "b18545e3", "method": "GET", "url": "http://localhost:8000/health"}
{"timestamp": "2026-02-23T10:23:14.080418", "level": "INFO", "logger": "request_logger", "message": "Completed", "request_id": "b18545e3", "method": "GET", "url": "http://localhost:8000/health", "status_code": 200, "duration_ms": 2.03}
{"timestamp": "2026-02-23T10:23:14.285156", "level": "INFO", "logger": "request_logger", "message": "Incoming request", "request_id": "aa906aa5", "method": "GET", "url": "http://localhost:8000/health"}
{"timestamp": "2026-02-23T10:23:14.286706", "level": "INFO", "logger": "request_logger", "message": "Completed", "request_id": "aa906aa5", "method": "GET", "url": "http://localhost:8000/health", "status_code": 200, "duration_ms": 1.62}
{"timestamp": "2026-02-23T10:23:14.499942", "level": "INFO", "logger": "request_logger", "message": "Incoming request", "request_id": "7bf2e659", "method": "GET", "url": "http://localhost:8000/health"}
{"timestamp": "2026-02-23T10:23:14.501697", "level": "INFO", "logger": "request_logger", "message": "Completed", "request_id": "7bf2e659", "method": "GET", "url": "http://localhost:8000/health", "status_code": 200, "duration_ms": 1.87}
{"timestamp": "2026-02-23T10:23:14.708606", "level": "INFO", "logger": "request_logger", "message": "Incoming request", "request_id": "381bc08e", "method": "GET", "url": "http://localhost:8000/health"}
{"timestamp": "2026-02-23T10:23:14.710222", "level": "INFO", "logger": "request_logger", "message": "Completed", "request_id": "381bc08e", "method": "GET", "url": "http://localhost:8000/health", "status_code": 200, "duration_ms": 1.7}
{"timestamp": "2026-02-23T10:23:14.921174", "level": "INFO", "logger": "request_logger", "message": "Incoming request", "request_id": "a903e0f3", "method": "GET", "url": "http://localhost:8000/health"}
{"timestamp": "2026-02-23T10:23:14.923346", "level": "INFO", "logger": "request_logger", "message": "Completed", "request_id": "a903e0f3", "method": "GET", "url": "http://localhost:8000/health", "status_code": 200, "duration_ms": 2.54}
{"timestamp": "2026-02-23T10:23:15.128854", "level": "INFO", "logger": "request_logger", "message": "Incoming request", "request_id": "c06d3e3a", "method": "GET", "url": "http://localhost:8000/health"}
{"timestamp": "2026-02-23T10:23:15.130776", "level": "INFO", "logger": "request_logger", "message": "Completed", "request_id": "c06d3e3a", "method": "GET", "url": "http://localhost:8000/health", "status_code": 200, "duration_ms": 2.15}
{"timestamp": "2026-02-23T10:23:15.333609", "level": "INFO", "logger": "request_logger", "message": "Incoming request", "request_id": "dd0ac69b", "method": "GET", "url": "http://localhost:8000/health"}
{"timestamp": "2026-02-23T10:23:15.335868", "level": "INFO", "logger": "request_logger", "message": "Completed", "request_id": "dd0ac69b", "method": "GET", "url": "http://localhost:8000/health", "status_code": 200, "duration_ms": 2.32}
{"timestamp": "2026-02-23T10:23:15.570685", "level": "INFO", "logger": "request_logger", "message": "Incoming request", "request_id": "17aa76a6", "method": "GET", "url": "http://localhost:8000/health"}
{"timestamp": "2026-02-23T10:23:15.572440", "level": "INFO", "logger": "request_logger", "message": "Completed", "request_id": "17aa76a6", "method": "GET", "url": "http://localhost:8000/health", "status_code": 200, "duration_ms": 1.85}
{"timestamp": "2026-02-23T10:23:15.752248", "level": "INFO", "logger": "request_logger", "message": "Incoming request", "request_id": "992f1411", "method": "GET", "url": "http://localhost:8000/health"}
{"timestamp": "2026-02-23T10:23:15.754066", "level": "INFO", "logger": "request_logger", "message": "Completed", "request_id": "992f1411", "method": "GET", "url": "http://localhost:8000/health", "status_code": 200, "duration_ms": 1.91}
{"timestamp": "2026-02-23T10:23:15.962613", "level": "INFO", "logger": "request_logger", "message": "Incoming request", "request_id": "3e33d20a", "method": "GET", "url": "http://localhost:8000/health"}
{"timestamp": "2026-02-23T10:23:15.965170", "level": "INFO", "logger": "request_logger", "message": "Completed", "request_id": "3e33d20a", "method": "GET", "url": "http://localhost:8000/health", "status_code": 200, "duration_ms": 2.69}
{"timestamp": "2026-02-23T10:23:16.198358", "level": "INFO", "logger": "request_logger", "message": "Incoming request", "request_id": "c838361c", "method": "GET", "url": "http://localhost:8000/health"}
{"timestamp": "2026-02-23T10:23:16.200144", "level": "INFO", "logger": "request_logger", "message": "Completed", "request_id": "c838361c", "method": "GET", "url": "http://localhost:8000/health", "status_code": 200, "duration_ms": 1.93}
{"timestamp": "2026-02-23T10:23:16.381564", "level": "INFO", "logger": "request_logger", "message": "Incoming request", "request_id": "736e16f2", "method": "GET", "url": "http://localhost:8000/health"}
{"timestamp": "2026-02-23T10:23:16.383391", "level": "INFO", "logger": "request_logger", "message": "Completed", "request_id": "736e16f2", "method": "GET", "url": "http://localhost:8000/health", "status_code": 200, "duration_ms": 1.89}
{"timestamp": "2026-02-23T10:23:16.587707", "level": "INFO", "logger": "request_logger", "message": "Incoming request", "request_id": "05717c50", "method": "GET", "url": "http://localhost:8000/health"}
{"timestamp": "2026-02-23T10:23:16.589527", "level": "INFO", "logger": "request_logger", "message": "Completed", "request_id": "05717c50", "method": "GET", "url": "http://localhost:8000/health", "status_code": 200, "duration_ms": 2.01}
{"timestamp": "2026-02-23T10:23:16.819255", "level": "INFO", "logger": "request_logger", "message": "Incoming request", "request_id": "a2be45de", "method": "GET", "url": "http://localhost:8000/health"}
{"timestamp": "2026-02-23T10:23:16.820824", "level": "INFO", "logger": "request_logger", "message": "Completed", "request_id": "a2be45de", "method": "GET", "url": "http://localhost:8000/health", "status_code": 200, "duration_ms": 1.64}
{"timestamp": "2026-02-23T10:23:17.001598", "level": "INFO", "logger": "request_logger", "message": "Incoming request", "request_id": "0311ba2e", "method": "GET", "url": "http://localhost:8000/health"}
{"timestamp": "2026-02-23T10:23:17.003131", "level": "INFO", "logger": "request_logger", "message": "Completed", "request_id": "0311ba2e", "method": "GET", "url": "http://localhost:8000/health", "status_code": 200, "duration_ms": 1.7}
{"timestamp": "2026-02-23T10:23:17.205637", "level": "INFO", "logger": "request_logger", "message": "Incoming request", "request_id": "59e93dbd", "method": "GET", "url": "http://localhost:8000/health"}
{"timestamp": "2026-02-23T10:23:17.207558", "level": "INFO", "logger": "request_logger", "message": "Completed", "request_id": "59e93dbd", "method": "GET", "url": "http://localhost:8000/health", "status_code": 200, "duration_ms": 2.0}
{"timestamp": "2026-02-23T10:23:17.493338", "level": "INFO", "logger": "request_logger", "message": "Incoming request", "request_id": "94cdf5b2", "method": "GET", "url": "http://localhost:8000/health"}
{"timestamp": "2026-02-23T10:23:17.494674", "level": "INFO", "logger": "request_logger", "message": "Completed", "request_id": "94cdf5b2", "method": "GET", "url": "http://localhost:8000/health", "status_code": 200, "duration_ms": 1.44}
{"timestamp": "2026-02-23T10:23:17.723305", "level": "INFO", "logger": "request_logger", "message": "Incoming request", "request_id": "ea283f6d", "method": "GET", "url": "http://localhost:8000/health"}
{"timestamp": "2026-02-23T10:23:17.724809", "level": "INFO", "logger": "request_logger", "message": "Completed", "request_id": "ea283f6d", "method": "GET", "url": "http://localhost:8000/health", "status_code": 200, "duration_ms": 1.59}
{"timestamp": "2026-02-23T10:23:17.927591", "level": "INFO", "logger": "request_logger", "message": "Incoming request", "request_id": "52644a32", "method": "GET", "url": "http://localhost:8000/health"}
{"timestamp": "2026-02-23T10:23:17.928968", "level": "INFO", "logger": "request_logger", "message": "Completed", "request_id": "52644a32", "method": "GET", "url": "http://localhost:8000/health", "status_code": 200, "duration_ms": 1.65}
{"timestamp": "2026-02-23T10:23:18.135285", "level": "INFO", "logger": "request_logger", "message": "Incoming request", "request_id": "c0954769", "method": "GET", "url": "http://localhost:8000/health"}
{"timestamp": "2026-02-23T10:23:18.137192", "level": "INFO", "logger": "request_logger", "message": "Completed", "request_id": "c0954769", "method": "GET", "url": "http://localhost:8000/health", "status_code": 200, "duration_ms": 2.11}
{"timestamp": "2026-02-23T10:23:18.338258", "level": "INFO", "logger": "request_logger", "message": "Incoming request", "request_id": "7707bdd2", "method": "GET", "url": "http://localhost:8000/health"}
{"timestamp": "2026-02-23T10:23:18.339848", "level": "INFO", "logger": "request_logger", "message": "Completed", "request_id": "7707bdd2", "method": "GET", "url": "http://localhost:8000/health", "status_code": 200, "duration_ms": 1.67}
{"timestamp": "2026-02-23T10:23:18.550146", "level": "INFO", "logger": "request_logger", "message": "Incoming request", "request_id": "facea73f", "method": "GET", "url": "http://localhost:8000/health"}
{"timestamp": "2026-02-23T10:23:18.551571", "level": "INFO", "logger": "request_logger", "message": "Completed", "request_id": "facea73f", "method": "GET", "url": "http://localhost:8000/health", "status_code": 200, "duration_ms": 1.48}
{"timestamp": "2026-02-23T10:23:18.761854", "level": "INFO", "logger": "request_logger", "message": "Incoming request", "request_id": "ab909249", "method": "GET", "url": "http://localhost:8000/health"}
{"timestamp": "2026-02-23T10:23:18.763805", "level": "INFO", "logger": "request_logger", "message": "Completed", "request_id": "ab909249", "method": "GET", "url": "http://localhost:8000/health", "status_code": 200, "duration_ms": 2.03}
{"timestamp": "2026-02-23T10:23:19.056573", "level": "INFO", "logger": "request_logger", "message": "Incoming request", "request_id": "bec739ac", "method": "GET", "url": "http://localhost:8000/health"}
{"timestamp": "2026-02-23T10:23:19.057942", "level": "INFO", "logger": "request_logger", "message": "Completed", "request_id": "bec739ac", "method": "GET", "url": "http://localhost:8000/health", "status_code": 200, "duration_ms": 1.47}
{"timestamp": "2026-02-23T10:23:19.275346", "level": "INFO", "logger": "request_logger", "message": "Incoming request", "request_id": "c78124c9", "method": "GET", "url": "http://localhost:8000/health"}
{"timestamp": "2026-02-23T10:23:19.277531", "level": "INFO", "logger": "request_logger", "message": "Completed", "request_id": "c78124c9", "method": "GET", "url": "http://localhost:8000/health", "status_code": 200, "duration_ms": 2.22}
{"timestamp": "2026-02-23T10:23:19.483158", "level": "INFO", "logger": "request_logger", "message": "Incoming request", "request_id": "4e2c43e3", "method": "GET", "url": "http://localhost:8000/health"}
{"timestamp": "2026-02-23T10:23:19.484592", "level": "INFO", "logger": "request_logger", "message": "Completed", "request_id": "4e2c43e3", "method": "GET", "url": "http://localhost:8000/health", "status_code": 200, "duration_ms": 1.51}
{"timestamp": "2026-02-23T10:23:19.684144", "level": "INFO", "logger": "request_logger", "message": "Incoming request", "request_id": "1ae1b99e", "method": "GET", "url": "http://localhost:8000/health"}
{"timestamp": "2026-02-23T10:23:19.685598", "level": "INFO", "logger": "request_logger", "message": "Completed", "request_id": "1ae1b99e", "method": "GET", "url": "http://localhost:8000/health", "status_code": 200, "duration_ms": 1.59}
{"timestamp": "2026-02-23T10:23:19.889221", "level": "INFO", "logger": "request_logger", "message": "Incoming request", "request_id": "35bca3c7", "method": "GET", "url": "http://localhost:8000/health"}
{"timestamp": "2026-02-23T10:23:19.890661", "level": "INFO", "logger": "request_logger", "message": "Completed", "request_id": "35bca3c7", "method": "GET", "url": "http://localhost:8000/health", "status_code": 200, "duration_ms": 1.51}
{"timestamp": "2026-02-23T10:23:20.092629", "level": "INFO", "logger": "request_logger", "message": "Incoming request", "request_id": "ecdc16b2", "method": "GET", "url": "http://localhost:8000/health"}
{"timestamp": "2026-02-23T10:23:20.093794", "level": "INFO", "logger": "request_logger", "message": "Completed", "request_id": "ecdc16b2", "method": "GET", "url": "http://localhost:8000/health", "status_code": 200, "duration_ms": 1.19}
{"timestamp": "2026-02-23T10:23:20.411086", "level": "INFO", "logger": "request_logger", "message": "Incoming request", "request_id": "04d0e5d9", "method": "GET", "url": "http://localhost:8000/health"}
{"timestamp": "2026-02-23T10:23:20.412237", "level": "INFO", "logger": "request_logger", "message": "Completed", "request_id": "04d0e5d9", "method": "GET", "url": "http://localhost:8000/health", "status_code": 200, "duration_ms": 1.27}
{"timestamp": "2026-02-23T10:23:20.616417", "level": "INFO", "logger": "request_logger", "message": "Incoming request", "request_id": "a78f801e", "method": "GET", "url": "http://localhost:8000/health"}
{"timestamp": "2026-02-23T10:23:20.619794", "level": "INFO", "logger": "request_logger", "message": "Completed", "request_id": "a78f801e", "method": "GET", "url": "http://localhost:8000/health", "status_code": 200, "duration_ms": 3.4}
{"timestamp": "2026-02-23T10:23:20.828242", "level": "INFO", "logger": "request_logger", "message": "Incoming request", "request_id": "9151c1b1", "method": "GET", "url": "http://localhost:8000/health"}
{"timestamp": "2026-02-23T10:23:20.829392", "level": "INFO", "logger": "request_logger", "message": "Completed", "request_id": "9151c1b1", "method": "GET", "url": "http://localhost:8000/health", "status_code": 200, "duration_ms": 1.2}
{"timestamp": "2026-02-23T10:23:21.030238", "level": "INFO", "logger": "request_logger", "message": "Incoming request", "request_id": "382480dc", "method": "GET", "url": "http://localhost:8000/health"}
{"timestamp": "2026-02-23T10:23:21.031905", "level": "INFO", "logger": "request_logger", "message": "Completed", "request_id": "382480dc", "method": "GET", "url": "http://localhost:8000/health", "status_code": 200, "duration_ms": 1.74}
{"timestamp": "2026-02-23T10:23:21.235283", "level": "INFO", "logger": "request_logger", "message": "Incoming request", "request_id": "feff9767", "method": "GET", "url": "http://localhost:8000/health"}
{"timestamp": "2026-02-23T10:23:21.237583", "level": "INFO", "logger": "request_logger", "message": "Completed", "request_id": "feff9767", "method": "GET", "url": "http://localhost:8000/health", "status_code": 200, "duration_ms": 2.51}
{"timestamp": "2026-02-23T10:23:21.441549", "level": "INFO", "logger": "request_logger", "message": "Incoming request", "request_id": "e4ce37ab", "method": "GET", "url": "http://localhost:8000/health"}
{"timestamp": "2026-02-23T10:23:21.442950", "level": "INFO", "logger": "request_logger", "message": "Completed", "request_id": "e4ce37ab", "method": "GET", "url": "http://localhost:8000/health", "status_code": 200, "duration_ms": 1.46}
{"timestamp": "2026-02-23T10:23:21.669145", "level": "INFO", "logger": "request_logger", "message": "Incoming request", "request_id": "844dee99", "method": "GET", "url": "http://localhost:8000/health"}
{"timestamp": "2026-02-23T10:23:21.670658", "level": "INFO", "logger": "request_logger", "message": "Completed", "request_id": "844dee99", "method": "GET", "url": "http://localhost:8000/health", "status_code": 200, "duration_ms": 1.52}
{"timestamp": "2026-02-23T10:23:21.947079", "level": "INFO", "logger": "request_logger", "message": "Incoming request", "request_id": "da4ec7c6", "method": "GET", "url": "http://localhost:8000/health"}
{"timestamp": "2026-02-23T10:23:21.948280", "level": "INFO", "logger": "request_logger", "message": "Completed", "request_id": "da4ec7c6", "method": "GET", "url": "http://localhost:8000/health", "status_code": 200, "duration_ms": 1.29}
{"timestamp": "2026-02-23T10:23:22.167768", "level": "INFO", "logger": "request_logger", "message": "Incoming request", "request_id": "bff1a957", "method": "GET", "url": "http://localhost:8000/health"}
{"timestamp": "2026-02-23T10:23:22.169033", "level": "INFO", "logger": "request_logger", "message": "Completed", "request_id": "bff1a957", "method": "GET", "url": "http://localhost:8000/health", "status_code": 200, "duration_ms": 1.31}
{"timestamp": "2026-02-23T10:23:22.373888", "level": "INFO", "logger": "request_logger", "message": "Incoming request", "request_id": "922a307f", "method": "GET", "url": "http://localhost:8000/health"}
{"timestamp": "2026-02-23T10:23:22.374942", "level": "INFO", "logger": "request_logger", "message": "Completed", "request_id": "922a307f", "method": "GET", "url": "http://localhost:8000/health", "status_code": 200, "duration_ms": 1.09}
{"timestamp": "2026-02-23T10:23:22.581995", "level": "INFO", "logger": "request_logger", "message": "Incoming request", "request_id": "ba4de3f3", "method": "GET", "url": "http://localhost:8000/health"}
{"timestamp": "2026-02-23T10:23:22.583344", "level": "INFO", "logger": "request_logger", "message": "Completed", "request_id": "ba4de3f3", "method": "GET", "url": "http://localhost:8000/health", "status_code": 200, "duration_ms": 1.5}
{"timestamp": "2026-02-23T10:23:22.790045", "level": "INFO", "logger": "request_logger", "message": "Incoming request", "request_id": "3f2ded24", "method": "GET", "url": "http://localhost:8000/health"}
{"timestamp": "2026-02-23T10:23:22.791719", "level": "INFO", "logger": "request_logger", "message": "Completed", "request_id": "3f2ded24", "method": "GET", "url": "http://localhost:8000/health", "status_code": 200, "duration_ms": 1.77}
{"timestamp": "2026-02-23T10:23:22.995599", "level": "INFO", "logger": "request_logger", "message": "Incoming request", "request_id": "e22fcb03", "method": "GET", "url": "http://localhost:8000/health"}
{"timestamp": "2026-02-23T10:23:22.997028", "level": "INFO", "logger": "request_logger", "message": "Completed", "request_id": "e22fcb03", "method": "GET", "url": "http://localhost:8000/health", "status_code": 200, "duration_ms": 1.51}
{"timestamp": "2026-02-23T10:23:23.225848", "level": "INFO", "logger": "request_logger", "message": "Incoming request", "request_id": "7c6413e5", "method": "GET", "url": "http://localhost:8000/health"}
{"timestamp": "2026-02-23T10:23:23.230562", "level": "INFO", "logger": "request_logger", "message": "Completed", "request_id": "7c6413e5", "method": "GET", "url": "http://localhost:8000/health", "status_code": 200, "duration_ms": 4.71}
{"timestamp": "2026-02-23T10:23:23.459114", "level": "INFO", "logger": "request_logger", "message": "Incoming request", "request_id": "b9c9054d", "method": "GET", "url": "http://localhost:8000/health"}
{"timestamp": "2026-02-23T10:23:23.462537", "level": "INFO", "logger": "request_logger", "message": "Completed", "request_id": "b9c9054d", "method": "GET", "url": "http://localhost:8000/health", "status_code": 200, "duration_ms": 3.46}
{"timestamp": "2026-02-23T10:23:23.643085", "level": "INFO", "logger": "request_logger", "message": "Incoming request", "request_id": "b8c66cf0", "method": "GET", "url": "http://localhost:8000/health"}
{"timestamp": "2026-02-23T10:23:23.643991", "level": "INFO", "logger": "request_logger", "message": "Completed", "request_id": "b8c66cf0", "method": "GET", "url": "http://localhost:8000/health", "status_code": 200, "duration_ms": 0.95}
{"timestamp": "2026-02-23T10:23:23.823587", "level": "INFO", "logger": "request_logger", "message": "Incoming request", "request_id": "44df6f42", "method": "GET", "url": "http://localhost:8000/health"}
{"timestamp": "2026-02-23T10:23:23.825751", "level": "INFO", "logger": "request_logger", "message": "Completed", "request_id": "44df6f42", "method": "GET", "url": "http://localhost:8000/health", "status_code": 200, "duration_ms": 2.23}
{"timestamp": "2026-02-23T10:23:24.027915", "level": "INFO", "logger": "request_logger", "message": "Incoming request", "request_id": "1aed2ec9", "method": "GET", "url": "http://localhost:8000/health"}
{"timestamp": "2026-02-23T10:23:24.029598", "level": "INFO", "logger": "request_logger", "message": "Completed", "request_id": "1aed2ec9", "method": "GET", "url": "http://localhost:8000/health", "status_code": 200, "duration_ms": 1.77}
{"timestamp": "2026-02-23T10:23:24.237188", "level": "INFO", "logger": "request_logger", "message": "Incoming request", "request_id": "65b08d1c", "method": "GET", "url": "http://localhost:8000/health"}
{"timestamp": "2026-02-23T10:23:24.238778", "level": "INFO", "logger": "request_logger", "message": "Completed", "request_id": "65b08d1c", "method": "GET", "url": "http://localhost:8000/health", "status_code": 200, "duration_ms": 1.66}
{"timestamp": "2026-02-23T10:23:24.441598", "level": "INFO", "logger": "request_logger", "message": "Incoming request", "request_id": "3b0e44b7", "method": "GET", "url": "http://localhost:8000/health"}
{"timestamp": "2026-02-23T10:23:24.443480", "level": "INFO", "logger": "request_logger", "message": "Completed", "request_id": "3b0e44b7", "method": "GET", "url": "http://localhost:8000/health", "status_code": 200, "duration_ms": 2.07}
{"timestamp": "2026-02-23T10:23:24.650090", "level": "INFO", "logger": "request_logger", "message": "Incoming request", "request_id": "9e85843a", "method": "GET", "url": "http://localhost:8000/health"}
{"timestamp": "2026-02-23T10:23:24.651901", "level": "INFO", "logger": "request_logger", "message": "Completed", "request_id": "9e85843a", "method": "GET", "url": "http://localhost:8000/health", "status_code": 200, "duration_ms": 1.91}
{"timestamp": "2026-02-23T10:23:24.879037", "level": "INFO", "logger": "request_logger", "message": "Incoming request", "request_id": "c439bec1", "method": "GET", "url": "http://localhost:8000/health"}
{"timestamp": "2026-02-23T10:23:24.880811", "level": "INFO", "logger": "request_logger", "message": "Completed", "request_id": "c439bec1", "method": "GET", "url": "http://localhost:8000/health", "status_code": 200, "duration_ms": 1.96}
{"timestamp": "2026-02-23T10:23:25.067798", "level": "INFO", "logger": "request_logger", "message": "Incoming request", "request_id": "e173526e", "method": "GET", "url": "http://localhost:8000/health"}
{"timestamp": "2026-02-23T10:23:25.069519", "level": "INFO", "logger": "request_logger", "message": "Completed", "request_id": "e173526e", "method": "GET", "url": "http://localhost:8000/health", "status_code": 200, "duration_ms": 1.9}
{"timestamp": "2026-02-23T10:23:25.278906", "level": "INFO", "logger": "request_logger", "message": "Incoming request", "request_id": "bae1b62a", "method": "GET", "url": "http://localhost:8000/health"}
{"timestamp": "2026-02-23T10:23:25.280861", "level": "INFO", "logger": "request_logger", "message": "Completed", "request_id": "bae1b62a", "method": "GET", "url": "http://localhost:8000/health", "status_code": 200, "duration_ms": 1.99}
{"timestamp": "2026-02-23T10:23:25.486464", "level": "INFO", "logger": "request_logger", "message": "Incoming request", "request_id": "01a09c9c", "method": "GET", "url": "http://localhost:8000/health"}
{"timestamp": "2026-02-23T10:23:25.488059", "level": "INFO", "logger": "request_logger", "message": "Completed", "request_id": "01a09c9c", "method": "GET", "url": "http://localhost:8000/health", "status_code": 200, "duration_ms": 1.74}
{"timestamp": "2026-02-23T10:23:25.696034", "level": "INFO", "logger": "request_logger", "message": "Incoming request", "request_id": "ef5f243c", "method": "GET", "url": "http://localhost:8000/health"}
{"timestamp": "2026-02-23T10:23:25.697637", "level": "INFO", "logger": "request_logger", "message": "Completed", "request_id": "ef5f243c", "method": "GET", "url": "http://localhost:8000/health", "status_code": 200, "duration_ms": 1.71}
{"timestamp": "2026-02-23T10:23:25.901981", "level": "INFO", "logger": "request_logger", "message": "Incoming request", "request_id": "f33af935", "method": "GET", "url": "http://localhost:8000/health"}
{"timestamp": "2026-02-23T10:23:25.903655", "level": "INFO", "logger": "request_logger", "message": "Completed", "request_id": "f33af935", "method": "GET", "url": "http://localhost:8000/health", "status_code": 200, "duration_ms": 1.82}
{"timestamp": "2026-02-23T10:23:26.159148", "level": "INFO", "logger": "request_logger", "message": "Incoming request", "request_id": "1c7c5af7", "method": "GET", "url": "http://localhost:8000/health"}
{"timestamp": "2026-02-23T10:23:26.161244", "level": "INFO", "logger": "request_logger", "message": "Completed", "request_id": "1c7c5af7", "method": "GET", "url": "http://localhost:8000/health", "status_code": 200, "duration_ms": 2.17}
{"timestamp": "2026-02-23T10:23:26.352307", "level": "INFO", "logger": "request_logger", "message": "Incoming request", "request_id": "9fc703fd", "method": "GET", "url": "http://localhost:8000/health"}
{"timestamp": "2026-02-23T10:23:26.354042", "level": "INFO", "logger": "request_logger", "message": "Completed", "request_id": "9fc703fd", "method": "GET", "url": "http://localhost:8000/health", "status_code": 200, "duration_ms": 1.84}
{"timestamp": "2026-02-23T10:23:26.524340", "level": "INFO", "logger": "request_logger", "message": "Incoming request", "request_id": "9ef479cc", "method": "GET", "url": "http://localhost:8000/health"}
{"timestamp": "2026-02-23T10:23:26.526182", "level": "INFO", "logger": "request_logger", "message": "Completed", "request_id": "9ef479cc", "method": "GET", "url": "http://localhost:8000/health", "status_code": 200, "duration_ms": 1.92}
{"timestamp": "2026-02-23T10:23:26.761581", "level": "INFO", "logger": "request_logger", "message": "Incoming request", "request_id": "08293927", "method": "GET", "url": "http://localhost:8000/health"}
{"timestamp": "2026-02-23T10:23:26.763594", "level": "INFO", "logger": "request_logger", "message": "Completed", "request_id": "08293927", "method": "GET", "url": "http://localhost:8000/health", "status_code": 200, "duration_ms": 2.09}
{"timestamp": "2026-02-23T10:23:26.941987", "level": "INFO", "logger": "request_logger", "message": "Incoming request", "request_id": "42245fe0", "method": "GET", "url": "http://localhost:8000/health"}
{"timestamp": "2026-02-23T10:23:26.944904", "level": "INFO", "logger": "request_logger", "message": "Completed", "request_id": "42245fe0", "method": "GET", "url": "http://localhost:8000/health", "status_code": 200, "duration_ms": 2.96}
{"timestamp": "2026-02-23T10:23:27.143715", "level": "INFO", "logger": "request_logger", "message": "Incoming request", "request_id": "60e5723d", "method": "GET", "url": "http://localhost:8000/health"}
{"timestamp": "2026-02-23T10:23:27.144285", "level": "INFO", "logger": "request_logger", "message": "Completed", "request_id": "60e5723d", "method": "GET", "url": "http://localhost:8000/health", "status_code": 200, "duration_ms": 0.59}
{"timestamp": "2026-02-23T10:23:27.362659", "level": "INFO", "logger": "request_logger", "message": "Incoming request", "request_id": "1c9fc791", "method": "GET", "url": "http://localhost:8000/health"}
{"timestamp": "2026-02-23T10:23:27.363834", "level": "INFO", "logger": "request_logger", "message": "Completed", "request_id": "1c9fc791", "method": "GET", "url": "http://localhost:8000/health", "status_code": 200, "duration_ms": 1.12}
{"timestamp": "2026-02-23T10:23:27.563359", "level": "INFO", "logger": "request_logger", "message": "Incoming request", "request_id": "46311d9c", "method": "GET", "url": "http://localhost:8000/health"}
{"timestamp": "2026-02-23T10:23:27.563920", "level": "INFO", "logger": "request_logger", "message": "Completed", "request_id": "46311d9c", "method": "GET", "url": "http://localhost:8000/health", "status_code": 200, "duration_ms": 0.58}
{"timestamp": "2026-02-23T10:23:27.795848", "level": "INFO", "logger": "request_logger", "message": "Incoming request", "request_id": "71bba98b", "method": "GET", "url": "http://localhost:8000/health"}
{"timestamp": "2026-02-23T10:23:27.797698", "level": "INFO", "logger": "request_logger", "message": "Completed", "request_id": "71bba98b", "method": "GET", "url": "http://localhost:8000/health", "status_code": 200, "duration_ms": 1.89}
{"timestamp": "2026-02-23T10:23:27.976489", "level": "INFO", "logger": "request_logger", "message": "Incoming request", "request_id": "4c531e09", "method": "GET", "url": "http://localhost:8000/health"}
{"timestamp": "2026-02-23T10:23:27.978975", "level": "INFO", "logger": "request_logger", "message": "Completed", "request_id": "4c531e09", "method": "GET", "url": "http://localhost:8000/health", "status_code": 200, "duration_ms": 2.51}
{"timestamp": "2026-02-23T10:23:28.199013", "level": "INFO", "logger": "request_logger", "message": "Incoming request", "request_id": "294a9ac0", "method": "GET", "url": "http://localhost:8000/health"}
{"timestamp": "2026-02-23T10:23:28.201585", "level": "INFO", "logger": "request_logger", "message": "Completed", "request_id": "294a9ac0", "method": "GET", "url": "http://localhost:8000/health", "status_code": 200, "duration_ms": 2.63}
{"timestamp": "2026-02-23T10:23:28.396489", "level": "INFO", "logger": "request_logger", "message": "Incoming request", "request_id": "ca70f89d", "method": "GET", "url": "http://localhost:8000/health"}
{"timestamp": "2026-02-23T10:23:28.398002", "level": "INFO", "logger": "request_logger", "message": "Completed", "request_id": "ca70f89d", "method": "GET", "url": "http://localhost:8000/health", "status_code": 200, "duration_ms": 1.59}
{"timestamp": "2026-02-23T10:23:28.616863", "level": "INFO", "logger": "request_logger", "message": "Incoming request", "request_id": "72dc6881", "method": "GET", "url": "http://localhost:8000/health"}
{"timestamp": "2026-02-23T10:23:28.621093", "level": "INFO", "logger": "request_logger", "message": "Completed", "request_id": "72dc6881", "method": "GET", "url": "http://localhost:8000/health", "status_code": 200, "duration_ms": 4.24}
{"timestamp": "2026-02-23T10:23:28.850676", "level": "INFO", "logger": "request_logger", "message": "Incoming request", "request_id": "af26fb0e", "method": "GET", "url": "http://localhost:8000/health"}
{"timestamp": "2026-02-23T10:23:28.852458", "level": "INFO", "logger": "request_logger", "message": "Completed", "request_id": "af26fb0e", "method": "GET", "url": "http://localhost:8000/health", "status_code": 200, "duration_ms": 1.75}
{"timestamp": "2026-02-23T10:23:29.001530", "level": "INFO", "logger": "request_logger", "message": "Incoming request", "request_id": "70869140", "method": "GET", "url": "http://localhost:8000/health"}
{"timestamp": "2026-02-23T10:23:29.002875", "level": "INFO", "logger": "request_logger", "message": "Completed", "request_id": "70869140", "method": "GET", "url": "http://localhost:8000/health", "status_code": 200, "duration_ms": 1.37}
{"timestamp": "2026-02-23T10:23:29.209658", "level": "INFO", "logger": "request_logger", "message": "Incoming request", "request_id": "68706ecb", "method": "GET", "url": "http://localhost:8000/health"}
{"timestamp": "2026-02-23T10:23:29.210888", "level": "INFO", "logger": "request_logger", "message": "Completed", "request_id": "68706ecb", "method": "GET", "url": "http://localhost:8000/health", "status_code": 200, "duration_ms": 1.28}
{"timestamp": "2026-02-23T10:23:29.421601", "level": "INFO", "logger": "request_logger", "message": "Incoming request", "request_id": "92218b9e", "method": "GET", "url": "http://localhost:8000/health"}
{"timestamp": "2026-02-23T10:23:29.422695", "level": "INFO", "logger": "request_logger", "message": "Completed", "request_id": "92218b9e", "method": "GET", "url": "http://localhost:8000/health", "status_code": 200, "duration_ms": 1.14}
{"timestamp": "2026-02-23T10:23:29.633832", "level": "INFO", "logger": "request_logger", "message": "Incoming request", "request_id": "68522bf6", "method": "GET", "url": "http://localhost:8000/health"}
{"timestamp": "2026-02-23T10:23:29.635292", "level": "INFO", "logger": "request_logger", "message": "Completed", "request_id": "68522bf6", "method": "GET", "url": "http://localhost:8000/health", "status_code": 200, "duration_ms": 1.53}
{"timestamp": "2026-02-23T10:23:29.839473", "level": "INFO", "logger": "request_logger", "message": "Incoming request", "request_id": "00fa7b2f", "method": "GET", "url": "http://localhost:8000/health"}
{"timestamp": "2026-02-23T10:23:29.841093", "level": "INFO", "logger": "request_logger", "message": "Completed", "request_id": "00fa7b2f", "method": "GET", "url": "http://localhost:8000/health", "status_code": 200, "duration_ms": 1.72}
{"timestamp": "2026-02-23T10:23:30.050117", "level": "INFO", "logger": "request_logger", "message": "Incoming request", "request_id": "683413e6", "method": "GET", "url": "http://localhost:8000/health"}
{"timestamp": "2026-02-23T10:23:30.052571", "level": "INFO", "logger": "request_logger", "message": "Completed", "request_id": "683413e6", "method": "GET", "url": "http://localhost:8000/health", "status_code": 200, "duration_ms": 2.52}
{"timestamp": "2026-02-23T10:23:30.254785", "level": "INFO", "logger": "request_logger", "message": "Incoming request", "request_id": "6bcd83b2", "method": "GET", "url": "http://localhost:8000/health"}
{"timestamp": "2026-02-23T10:23:30.255969", "level": "INFO", "logger": "request_logger", "message": "Completed", "request_id": "6bcd83b2", "method": "GET", "url": "http://localhost:8000/health", "status_code": 200, "duration_ms": 1.23}
{"timestamp": "2026-02-23T10:23:30.468566", "level": "INFO", "logger": "request_logger", "message": "Incoming request", "request_id": "d3d265ca", "method": "GET", "url": "http://localhost:8000/health"}
{"timestamp": "2026-02-23T10:23:30.470284", "level": "INFO", "logger": "request_logger", "message": "Completed", "request_id": "d3d265ca", "method": "GET", "url": "http://localhost:8000/health", "status_code": 200, "duration_ms": 1.77}
{"timestamp": "2026-02-23T10:23:30.676203", "level": "INFO", "logger": "request_logger", "message": "Incoming request", "request_id": "64986dd8", "method": "GET", "url": "http://localhost:8000/health"}
{"timestamp": "2026-02-23T10:23:30.678051", "level": "INFO", "logger": "request_logger", "message": "Completed", "request_id": "64986dd8", "method": "GET", "url": "http://localhost:8000/health", "status_code": 200, "duration_ms": 1.9}
{"timestamp": "2026-02-23T10:23:30.886102", "level": "INFO", "logger": "request_logger", "message": "Incoming request", "request_id": "730c6593", "method": "GET", "url": "http://localhost:8000/health"}
{"timestamp": "2026-02-23T10:23:30.887414", "level": "INFO", "logger": "request_logger", "message": "Completed", "request_id": "730c6593", "method": "GET", "url": "http://localhost:8000/health", "status_code": 200, "duration_ms": 1.37}
{"timestamp": "2026-02-23T10:23:31.095592", "level": "INFO", "logger": "request_logger", "message": "Incoming request", "request_id": "9fb89e4b", "method": "GET", "url": "http://localhost:8000/health"}
{"timestamp": "2026-02-23T10:23:31.097066", "level": "INFO", "logger": "request_logger", "message": "Completed", "request_id": "9fb89e4b", "method": "GET", "url": "http://localhost:8000/health", "status_code": 200, "duration_ms": 1.54}
{"timestamp": "2026-02-23T10:23:31.297908", "level": "INFO", "logger": "request_logger", "message": "Incoming request", "request_id": "b131b5ca", "method": "GET", "url": "http://localhost:8000/health"}
{"timestamp": "2026-02-23T10:23:31.299536", "level": "INFO", "logger": "request_logger", "message": "Completed", "request_id": "b131b5ca", "method": "GET", "url": "http://localhost:8000/health", "status_code": 200, "duration_ms": 1.64}
{"timestamp": "2026-02-23T10:23:31.501513", "level": "INFO", "logger": "request_logger", "message": "Incoming request", "request_id": "675fe62c", "method": "GET", "url": "http://localhost:8000/health"}
{"timestamp": "2026-02-23T10:23:31.503369", "level": "INFO", "logger": "request_logger", "message": "Completed", "request_id": "675fe62c", "method": "GET", "url": "http://localhost:8000/health", "status_code": 200, "duration_ms": 1.87}
{"timestamp": "2026-02-23T10:23:31.730530", "level": "INFO", "logger": "request_logger", "message": "Incoming request", "request_id": "7caf9df3", "method": "GET", "url": "http://localhost:8000/health"}
{"timestamp": "2026-02-23T10:23:31.732836", "level": "INFO", "logger": "request_logger", "message": "Completed", "request_id": "7caf9df3", "method": "GET", "url": "http://localhost:8000/health", "status_code": 200, "duration_ms": 2.37}
{"timestamp": "2026-02-23T10:23:31.916238", "level": "INFO", "logger": "request_logger", "message": "Incoming request", "request_id": "9830237d", "method": "GET", "url": "http://localhost:8000/health"}
{"timestamp": "2026-02-23T10:23:31.918527", "level": "INFO", "logger": "request_logger", "message": "Completed", "request_id": "9830237d", "method": "GET", "url": "http://localhost:8000/health", "status_code": 200, "duration_ms": 2.36}
{"timestamp": "2026-02-23T10:23:32.122309", "level": "INFO", "logger": "request_logger", "message": "Incoming request", "request_id": "d7cf4da7", "method": "GET", "url": "http://localhost:8000/health"}
{"timestamp": "2026-02-23T10:23:32.122975", "level": "INFO", "logger": "request_logger", "message": "Completed", "request_id": "d7cf4da7", "method": "GET", "url": "http://localhost:8000/health", "status_code": 200, "duration_ms": 0.79}
{"timestamp": "2026-02-23T10:23:32.336504", "level": "INFO", "logger": "request_logger", "message": "Incoming request", "request_id": "a316b151", "method": "GET", "url": "http://localhost:8000/health"}
{"timestamp": "2026-02-23T10:23:32.340214", "level": "INFO", "logger": "request_logger", "message": "Completed", "request_id": "a316b151", "method": "GET", "url": "http://localhost:8000/health", "status_code": 200, "duration_ms": 3.76}
{"timestamp": "2026-02-23T10:23:32.613573", "level": "INFO", "logger": "request_logger", "message": "Incoming request", "request_id": "acdc6ca0", "method": "GET", "url": "http://localhost:8000/health"}
{"timestamp": "2026-02-23T10:23:32.614916", "level": "INFO", "logger": "request_logger", "message": "Completed", "request_id": "acdc6ca0", "method": "GET", "url": "http://localhost:8000/health", "status_code": 200, "duration_ms": 1.39}
{"timestamp": "2026-02-23T10:23:32.745298", "level": "INFO", "logger": "request_logger", "message": "Incoming request", "request_id": "83c68ee3", "method": "GET", "url": "http://localhost:8000/health"}
{"timestamp": "2026-02-23T10:23:32.746543", "level": "INFO", "logger": "request_logger", "message": "Completed", "request_id": "83c68ee3", "method": "GET", "url": "http://localhost:8000/health", "status_code": 200, "duration_ms": 1.3}
{"timestamp": "2026-02-23T10:23:32.949834", "level": "INFO", "logger": "request_logger", "message": "Incoming request", "request_id": "829dd799", "method": "GET", "url": "http://localhost:8000/health"}
{"timestamp": "2026-02-23T10:23:32.951524", "level": "INFO", "logger": "request_logger", "message": "Completed", "request_id": "829dd799", "method": "GET", "url": "http://localhost:8000/health", "status_code": 200, "duration_ms": 1.74}
{"timestamp": "2026-02-23T10:23:33.163479", "level": "INFO", "logger": "request_logger", "message": "Incoming request", "request_id": "818ab19d", "method": "GET", "url": "http://localhost:8000/health"}
{"timestamp": "2026-02-23T10:23:33.165173", "level": "INFO", "logger": "request_logger", "message": "Completed", "request_id": "818ab19d", "method": "GET", "url": "http://localhost:8000/health", "status_code": 200, "duration_ms": 1.74}
{"timestamp": "2026-02-23T10:23:33.372454", "level": "INFO", "logger": "request_logger", "message": "Incoming request", "request_id": "0d9e7479", "method": "GET", "url": "http://localhost:8000/health"}
{"timestamp": "2026-02-23T10:23:33.373893", "level": "INFO", "logger": "request_logger", "message": "Completed", "request_id": "0d9e7479", "method": "GET", "url": "http://localhost:8000/health", "status_code": 200, "duration_ms": 1.54}
{"timestamp": "2026-02-23T10:23:33.582566", "level": "INFO", "logger": "request_logger", "message": "Incoming request", "request_id": "d203b289", "method": "GET", "url": "http://localhost:8000/health"}
{"timestamp": "2026-02-23T10:23:33.584575", "level": "INFO", "logger": "request_logger", "message": "Completed", "request_id": "d203b289", "method": "GET", "url": "http://localhost:8000/health", "status_code": 200, "duration_ms": 2.32}
{"timestamp": "2026-02-23T10:23:33.837224", "level": "INFO", "logger": "request_logger", "message": "Incoming request", "request_id": "dc9ed02e", "method": "GET", "url": "http://localhost:8000/health"}
{"timestamp": "2026-02-23T10:23:33.838843", "level": "INFO", "logger": "request_logger", "message": "Completed", "request_id": "dc9ed02e", "method": "GET", "url": "http://localhost:8000/health", "status_code": 200, "duration_ms": 1.74}
{"timestamp": "2026-02-23T10:23:34.001661", "level": "INFO", "logger": "request_logger", "message": "Incoming request", "request_id": "784476d6", "method": "GET", "url": "http://localhost:8000/health"}
{"timestamp": "2026-02-23T10:23:34.003477", "level": "INFO", "logger": "request_logger", "message": "Completed", "request_id": "784476d6", "method": "GET", "url": "http://localhost:8000/health", "status_code": 200, "duration_ms": 2.0}
{"timestamp": "2026-02-23T10:23:34.226925", "level": "INFO", "logger": "request_logger", "message": "Incoming request", "request_id": "cf4e1f78", "method": "GET", "url": "http://localhost:8000/health"}
{"timestamp": "2026-02-23T10:23:34.228817", "level": "INFO", "logger": "request_logger", "message": "Completed", "request_id": "cf4e1f78", "method": "GET", "url": "http://localhost:8000/health", "status_code": 200, "duration_ms": 1.96}
{"timestamp": "2026-02-23T10:23:34.416951", "level": "INFO", "logger": "request_logger", "message": "Incoming request", "request_id": "a874c58d", "method": "GET", "url": "http://localhost:8000/health"}
{"timestamp": "2026-02-23T10:23:34.418855", "level": "INFO", "logger": "request_logger", "message": "Completed", "request_id": "a874c58d", "method": "GET", "url": "http://localhost:8000/health", "status_code": 200, "duration_ms": 1.98}
{"timestamp": "2026-02-23T10:23:34.618268", "level": "INFO", "logger": "request_logger", "message": "Incoming request", "request_id": "4dbbde4b", "method": "GET", "url": "http://localhost:8000/health"}
{"timestamp": "2026-02-23T10:23:34.620170", "level": "INFO", "logger": "request_logger", "message": "Completed", "request_id": "4dbbde4b", "method": "GET", "url": "http://localhost:8000/health", "status_code": 200, "duration_ms": 1.97}
{"timestamp": "2026-02-23T10:23:34.839652", "level": "INFO", "logger": "request_logger", "message": "Incoming request", "request_id": "1a0ca3e7", "method": "GET", "url": "http://localhost:8000/health"}
{"timestamp": "2026-02-23T10:23:34.840203", "level": "INFO", "logger": "request_logger", "message": "Completed", "request_id": "1a0ca3e7", "method": "GET", "url": "http://localhost:8000/health", "status_code": 200, "duration_ms": 0.57}
{"timestamp": "2026-02-23T10:23:35.035532", "level": "INFO", "logger": "request_logger", "message": "Incoming request", "request_id": "3a18b4de", "method": "GET", "url": "http://localhost:8000/health"}
{"timestamp": "2026-02-23T10:23:35.037087", "level": "INFO", "logger": "request_logger", "message": "Completed", "request_id": "3a18b4de", "method": "GET", "url": "http://localhost:8000/health", "status_code": 200, "duration_ms": 1.58}
{"timestamp": "2026-02-23T10:23:35.263886", "level": "INFO", "logger": "request_logger", "message": "Incoming request", "request_id": "c6a265ea", "method": "GET", "url": "http://localhost:8000/health"}
{"timestamp": "2026-02-23T10:23:35.265268", "level": "INFO", "logger": "request_logger", "message": "Completed", "request_id": "c6a265ea", "method": "GET", "url": "http://localhost:8000/health", "status_code": 200, "duration_ms": 1.47}
{"timestamp": "2026-02-23T10:23:35.449437", "level": "INFO", "logger": "request_logger", "message": "Incoming request", "request_id": "8bb0f38b", "method": "GET", "url": "http://localhost:8000/health"}
{"timestamp": "2026-02-23T10:23:35.450886", "level": "INFO", "logger": "request_logger", "message": "Completed", "request_id": "8bb0f38b", "method": "GET", "url": "http://localhost:8000/health", "status_code": 200, "duration_ms": 1.5}
{"timestamp": "2026-02-23T10:23:35.682248", "level": "INFO", "logger": "request_logger", "message": "Incoming request", "request_id": "77b31889", "method": "GET", "url": "http://localhost:8000/health"}
{"timestamp": "2026-02-23T10:23:35.683973", "level": "INFO", "logger": "request_logger", "message": "Completed", "request_id": "77b31889", "method": "GET", "url": "http://localhost:8000/health", "status_code": 200, "duration_ms": 1.81}
{"timestamp": "2026-02-23T10:23:35.850758", "level": "INFO", "logger": "request_logger", "message": "Incoming request", "request_id": "cc5a4179", "method": "GET", "url": "http://localhost:8000/health"}
{"timestamp": "2026-02-23T10:23:35.852205", "level": "INFO", "logger": "request_logger", "message": "Completed", "request_id": "cc5a4179", "method": "GET", "url": "http://localhost:8000/health", "status_code": 200, "duration_ms": 1.48}
{"timestamp": "2026-02-23T10:23:36.065334", "level": "INFO", "logger": "request_logger", "message": "Incoming request", "request_id": "c7e8185b", "method": "GET", "url": "http://localhost:8000/health"}
{"timestamp": "2026-02-23T10:23:36.066854", "level": "INFO", "logger": "request_logger", "message": "Completed", "request_id": "c7e8185b", "method": "GET", "url": "http://localhost:8000/health", "status_code": 200, "duration_ms": 1.55}
{"timestamp": "2026-02-23T10:23:36.278681", "level": "INFO", "logger": "request_logger", "message": "Incoming request", "request_id": "80824b19", "method": "GET", "url": "http://localhost:8000/health"}
{"timestamp": "2026-02-23T10:23:36.280521", "level": "INFO", "logger": "request_logger", "message": "Completed", "request_id": "80824b19", "method": "GET", "url": "http://localhost:8000/health", "status_code": 200, "duration_ms": 1.93}
{"timestamp": "2026-02-23T10:23:36.485153", "level": "INFO", "logger": "request_logger", "message": "Incoming request", "request_id": "f08385eb", "method": "GET", "url": "http://localhost:8000/health"}
{"timestamp": "2026-02-23T10:23:36.486896", "level": "INFO", "logger": "request_logger", "message": "Completed", "request_id": "f08385eb", "method": "GET", "url": "http://localhost:8000/health", "status_code": 200, "duration_ms": 1.81}
{"timestamp": "2026-02-23T10:23:36.716357", "level": "INFO", "logger": "request_logger", "message": "Incoming request", "request_id": "077b5e84", "method": "GET", "url": "http://localhost:8000/health"}
{"timestamp": "2026-02-23T10:23:36.720662", "level": "INFO", "logger": "request_logger", "message": "Completed", "request_id": "077b5e84", "method": "GET", "url": "http://localhost:8000/health", "status_code": 200, "duration_ms": 4.25}
{"timestamp": "2026-02-23T10:23:36.899192", "level": "INFO", "logger": "request_logger", "message": "Incoming request", "request_id": "edcd0cd6", "method": "GET", "url": "http://localhost:8000/health"}
{"timestamp": "2026-02-23T10:23:36.901201", "level": "INFO", "logger": "request_logger", "message": "Completed", "request_id": "edcd0cd6", "method": "GET", "url": "http://localhost:8000/health", "status_code": 200, "duration_ms": 1.99}
{"timestamp": "2026-02-23T10:23:37.103189", "level": "INFO", "logger": "request_logger", "message": "Incoming request", "request_id": "32afc396", "method": "GET", "url": "http://localhost:8000/health"}
{"timestamp": "2026-02-23T10:23:37.103651", "level": "INFO", "logger": "request_logger", "message": "Completed", "request_id": "32afc396", "method": "GET", "url": "http://localhost:8000/health", "status_code": 200, "duration_ms": 0.48}
{"timestamp": "2026-02-23T10:23:37.312353", "level": "INFO", "logger": "request_logger", "message": "Incoming request", "request_id": "9de98b05", "method": "GET", "url": "http://localhost:8000/health"}
{"timestamp": "2026-02-23T10:23:37.314108", "level": "INFO", "logger": "request_logger", "message": "Completed", "request_id": "9de98b05", "method": "GET", "url": "http://localhost:8000/health", "status_code": 200, "duration_ms": 1.82}
{"timestamp": "2026-02-23T10:23:37.521203", "level": "INFO", "logger": "request_logger", "message": "Incoming request", "request_id": "37536e56", "method": "GET", "url": "http://localhost:8000/health"}
{"timestamp": "2026-02-23T10:23:37.522792", "level": "INFO", "logger": "request_logger", "message": "Completed", "request_id": "37536e56", "method": "GET", "url": "http://localhost:8000/health", "status_code": 200, "duration_ms": 1.66}
{"timestamp": "2026-02-23T10:23:37.751285", "level": "INFO", "logger": "request_logger", "message": "Incoming request", "request_id": "6d0ae92f", "method": "GET", "url": "http://localhost:8000/health"}
{"timestamp": "2026-02-23T10:23:37.752385", "level": "INFO", "logger": "request_logger", "message": "Completed", "request_id": "6d0ae92f", "method": "GET", "url": "http://localhost:8000/health", "status_code": 200, "duration_ms": 1.12}
{"timestamp": "2026-02-23T10:23:37.921899", "level": "INFO", "logger": "request_logger", "message": "Incoming request", "request_id": "b0a13308", "method": "GET", "url": "http://localhost:8000/health"}
{"timestamp": "2026-02-23T10:23:37.923065", "level": "INFO", "logger": "request_logger", "message": "Completed", "request_id": "b0a13308", "method": "GET", "url": "http://localhost:8000/health", "status_code": 200, "duration_ms": 1.2}
{"timestamp": "2026-02-23T10:23:38.134114", "level": "INFO", "logger": "request_logger", "message": "Incoming request", "request_id": "d4bee1d3", "method": "GET", "url": "http://localhost:8000/health"}
{"timestamp": "2026-02-23T10:23:38.135676", "level": "INFO", "logger": "request_logger", "message": "Completed", "request_id": "d4bee1d3", "method": "GET", "url": "http://localhost:8000/health", "status_code": 200, "duration_ms": 1.62}
{"timestamp": "2026-02-23T10:23:38.337776", "level": "INFO", "logger": "request_logger", "message": "Incoming request", "request_id": "ac4edc89", "method": "GET", "url": "http://localhost:8000/health"}
{"timestamp": "2026-02-23T10:23:38.339350", "level": "INFO", "logger": "request_logger", "message": "Completed", "request_id": "ac4edc89", "method": "GET", "url": "http://localhost:8000/health", "status_code": 200, "duration_ms": 1.63}
{"timestamp": "2026-02-23T10:23:38.545950", "level": "INFO", "logger": "request_logger", "message": "Incoming request", "request_id": "8651e5ac", "method": "GET", "url": "http://localhost:8000/health"}
{"timestamp": "2026-02-23T10:23:38.547984", "level": "INFO", "logger": "request_logger", "message": "Completed", "request_id": "8651e5ac", "method": "GET", "url": "http://localhost:8000/health", "status_code": 200, "duration_ms": 2.08}
{"timestamp": "2026-02-23T10:23:38.749357", "level": "INFO", "logger": "request_logger", "message": "Incoming request", "request_id": "d11e7e3e", "method": "GET", "url": "http://localhost:8000/health"}
{"timestamp": "2026-02-23T10:23:38.751121", "level": "INFO", "logger": "request_logger", "message": "Completed", "request_id": "d11e7e3e", "method": "GET", "url": "http://localhost:8000/health", "status_code": 200, "duration_ms": 1.9}
{"timestamp": "2026-02-23T10:23:38.959017", "level": "INFO", "logger": "request_logger", "message": "Incoming request", "request_id": "49cf389b", "method": "GET", "url": "http://localhost:8000/health"}
{"timestamp": "2026-02-23T10:23:38.961099", "level": "INFO", "logger": "request_logger", "message": "Completed", "request_id": "49cf389b", "method": "GET", "url": "http://localhost:8000/health", "status_code": 200, "duration_ms": 2.62}
{"timestamp": "2026-02-23T10:23:39.167851", "level": "INFO", "logger": "request_logger", "message": "Incoming request", "request_id": "ccb9b991", "method": "GET", "url": "http://localhost:8000/health"}
{"timestamp": "2026-02-23T10:23:39.170134", "level": "INFO", "logger": "request_logger", "message": "Completed", "request_id": "ccb9b991", "method": "GET", "url": "http://localhost:8000/health", "status_code": 200, "duration_ms": 2.6}
{"timestamp": "2026-02-23T10:23:39.448978", "level": "INFO", "logger": "request_logger", "message": "Incoming request", "request_id": "cb965225", "method": "GET", "url": "http://localhost:8000/health"}
{"timestamp": "2026-02-23T10:23:39.450115", "level": "INFO", "logger": "request_logger", "message": "Completed", "request_id": "cb965225", "method": "GET", "url": "http://localhost:8000/health", "status_code": 200, "duration_ms": 1.18}
{"timestamp": "2026-02-23T10:23:39.583736", "level": "INFO", "logger": "request_logger", "message": "Incoming request", "request_id": "53568e9b", "method": "GET", "url": "http://localhost:8000/health"}
{"timestamp": "2026-02-23T10:23:39.585080", "level": "INFO", "logger": "request_logger", "message": "Completed", "request_id": "53568e9b", "method": "GET", "url": "http://localhost:8000/health", "status_code": 200, "duration_ms": 1.42}
{"timestamp": "2026-02-23T10:23:39.787685", "level": "INFO", "logger": "request_logger", "message": "Incoming request", "request_id": "8d88553e", "method": "GET", "url": "http://localhost:8000/health"}
{"timestamp": "2026-02-23T10:23:39.789521", "level": "INFO", "logger": "request_logger", "message": "Completed", "request_id": "8d88553e", "method": "GET", "url": "http://localhost:8000/health", "status_code": 200, "duration_ms": 1.87}
{"timestamp": "2026-02-23T10:23:39.999603", "level": "INFO", "logger": "request_logger", "message": "Incoming request", "request_id": "0afb5664", "method": "GET", "url": "http://localhost:8000/health"}
{"timestamp": "2026-02-23T10:23:40.001737", "level": "INFO", "logger": "request_logger", "message": "Completed", "request_id": "0afb5664", "method": "GET", "url": "http://localhost:8000/health", "status_code": 200, "duration_ms": 2.04}
{"timestamp": "2026-02-23T10:23:40.207319", "level": "INFO", "logger": "request_logger", "message": "Incoming request", "request_id": "53985eb4", "method": "GET", "url": "http://localhost:8000/health"}
{"timestamp": "2026-02-23T10:23:40.209617", "level": "INFO", "logger": "request_logger", "message": "Completed", "request_id": "53985eb4", "method": "GET", "url": "http://localhost:8000/health", "status_code": 200, "duration_ms": 2.3}
{"timestamp": "2026-02-23T10:23:40.407844", "level": "INFO", "logger": "request_logger", "message": "Incoming request", "request_id": "15553b80", "method": "GET", "url": "http://localhost:8000/health"}
{"timestamp": "2026-02-23T10:23:40.409218", "level": "INFO", "logger": "request_logger", "message": "Completed", "request_id": "15553b80", "method": "GET", "url": "http://localhost:8000/health", "status_code": 200, "duration_ms": 1.38}
{"timestamp": "2026-02-23T10:23:40.626121", "level": "INFO", "logger": "request_logger", "message": "Incoming request", "request_id": "2a521358", "method": "GET", "url": "http://localhost:8000/health"}
{"timestamp": "2026-02-23T10:23:40.628220", "level": "INFO", "logger": "request_logger", "message": "Completed", "request_id": "2a521358", "method": "GET", "url": "http://localhost:8000/health", "status_code": 200, "duration_ms": 2.12}
{"timestamp": "2026-02-23T10:23:40.858147", "level": "INFO", "logger": "request_logger", "message": "Incoming request", "request_id": "39d8a4c3", "method": "GET", "url": "http://localhost:8000/health"}
{"timestamp": "2026-02-23T10:23:40.860447", "level": "INFO", "logger": "request_logger", "message": "Completed", "request_id": "39d8a4c3", "method": "GET", "url": "http://localhost:8000/health", "status_code": 200, "duration_ms": 2.33}
{"timestamp": "2026-02-23T10:23:41.049902", "level": "INFO", "logger": "request_logger", "message": "Incoming request", "request_id": "a7209467", "method": "GET", "url": "http://localhost:8000/health"}
{"timestamp": "2026-02-23T10:23:41.052001", "level": "INFO", "logger": "request_logger", "message": "Completed", "request_id": "a7209467", "method": "GET", "url": "http://localhost:8000/health", "status_code": 200, "duration_ms": 2.15}
{"timestamp": "2026-02-23T10:23:41.241292", "level": "INFO", "logger": "request_logger", "message": "Incoming request", "request_id": "91858db0", "method": "GET", "url": "http://localhost:8000/health"}
{"timestamp": "2026-02-23T10:23:41.242876", "level": "INFO", "logger": "request_logger", "message": "Completed", "request_id": "91858db0", "method": "GET", "url": "http://localhost:8000/health", "status_code": 200, "duration_ms": 1.65}
{"timestamp": "2026-02-23T10:23:41.472050", "level": "INFO", "logger": "request_logger", "message": "Incoming request", "request_id": "a4a9c125", "method": "GET", "url": "http://localhost:8000/health"}
{"timestamp": "2026-02-23T10:23:41.473611", "level": "INFO", "logger": "request_logger", "message": "Completed", "request_id": "a4a9c125", "method": "GET", "url": "http://localhost:8000/health", "status_code": 200, "duration_ms": 1.62}
{"timestamp": "2026-02-23T10:23:41.653488", "level": "INFO", "logger": "request_logger", "message": "Incoming request", "request_id": "d7dd3d72", "method": "GET", "url": "http://localhost:8000/health"}
{"timestamp": "2026-02-23T10:23:41.655058", "level": "INFO", "logger": "request_logger", "message": "Completed", "request_id": "d7dd3d72", "method": "GET", "url": "http://localhost:8000/health", "status_code": 200, "duration_ms": 1.67}
{"timestamp": "2026-02-23T10:23:41.851787", "level": "INFO", "logger": "request_logger", "message": "Incoming request", "request_id": "feff7907", "method": "GET", "url": "http://localhost:8000/health"}
{"timestamp": "2026-02-23T10:23:41.853042", "level": "INFO", "logger": "request_logger", "message": "Completed", "request_id": "feff7907", "method": "GET", "url": "http://localhost:8000/health", "status_code": 200, "duration_ms": 1.21}
{"timestamp": "2026-02-23T10:23:42.065010", "level": "INFO", "logger": "request_logger", "message": "Incoming request", "request_id": "62c2e8b0", "method": "GET", "url": "http://localhost:8000/health"}
{"timestamp": "2026-02-23T10:23:42.065834", "level": "INFO", "logger": "request_logger", "message": "Completed", "request_id": "62c2e8b0", "method": "GET", "url": "http://localhost:8000/health", "status_code": 200, "duration_ms": 0.89}
{"timestamp": "2026-02-23T10:23:42.280711", "level": "INFO", "logger": "request_logger", "message": "Incoming request", "request_id": "bea4d728", "method": "GET", "url": "http://localhost:8000/health"}
{"timestamp": "2026-02-23T10:23:42.282934", "level": "INFO", "logger": "request_logger", "message": "Completed", "request_id": "bea4d728", "method": "GET", "url": "http://localhost:8000/health", "status_code": 200, "duration_ms": 2.23}
{"timestamp": "2026-02-23T10:23:42.487849", "level": "INFO", "logger": "request_logger", "message": "Incoming request", "request_id": "c018c474", "method": "GET", "url": "http://localhost:8000/health"}
{"timestamp": "2026-02-23T10:23:42.489319", "level": "INFO", "logger": "request_logger", "message": "Completed", "request_id": "c018c474", "method": "GET", "url": "http://localhost:8000/health", "status_code": 200, "duration_ms": 1.53}
{"timestamp": "2026-02-23T10:23:42.695667", "level": "INFO", "logger": "request_logger", "message": "Incoming request", "request_id": "fe40c205", "method": "GET", "url": "http://localhost:8000/health"}
{"timestamp": "2026-02-23T10:23:42.697043", "level": "INFO", "logger": "request_logger", "message": "Completed", "request_id": "fe40c205", "method": "GET", "url": "http://localhost:8000/health", "status_code": 200, "duration_ms": 1.45}
{"timestamp": "2026-02-23T10:23:42.921891", "level": "INFO", "logger": "request_logger", "message": "Incoming request", "request_id": "48d7ff26", "method": "GET", "url": "http://localhost:8000/health"}
{"timestamp": "2026-02-23T10:23:42.922600", "level": "INFO", "logger": "request_logger", "message": "Completed", "request_id": "48d7ff26", "method": "GET", "url": "http://localhost:8000/health", "status_code": 200, "duration_ms": 0.74}
{"timestamp": "2026-02-23T10:23:43.094846", "level": "INFO", "logger": "request_logger", "message": "Incoming request", "request_id": "5e75f3d5", "method": "GET", "url": "http://localhost:8000/health"}
{"timestamp": "2026-02-23T10:23:43.095497", "level": "INFO", "logger": "request_logger", "message": "Completed", "request_id": "5e75f3d5", "method": "GET", "url": "http://localhost:8000/health", "status_code": 200, "duration_ms": 0.66}
{"timestamp": "2026-02-23T10:23:43.312180", "level": "INFO", "logger": "request_logger", "message": "Incoming request", "request_id": "53fd6370", "method": "GET", "url": "http://localhost:8000/health"}
{"timestamp": "2026-02-23T10:23:43.314203", "level": "INFO", "logger": "request_logger", "message": "Completed", "request_id": "53fd6370", "method": "GET", "url": "http://localhost:8000/health", "status_code": 200, "duration_ms": 2.04}
{"timestamp": "2026-02-23T10:23:43.525321", "level": "INFO", "logger": "request_logger", "message": "Incoming request", "request_id": "38bde380", "method": "GET", "url": "http://localhost:8000/health"}
{"timestamp": "2026-02-23T10:23:43.526878", "level": "INFO", "logger": "request_logger", "message": "Completed", "request_id": "38bde380", "method": "GET", "url": "http://localhost:8000/health", "status_code": 200, "duration_ms": 1.76}
{"timestamp": "2026-02-23T10:23:43.728410", "level": "INFO", "logger": "request_logger", "message": "Incoming request", "request_id": "ca4a2403", "method": "GET", "url": "http://localhost:8000/health"}
{"timestamp": "2026-02-23T10:23:43.730250", "level": "INFO", "logger": "request_logger", "message": "Completed", "request_id": "ca4a2403", "method": "GET", "url": "http://localhost:8000/health", "status_code": 200, "duration_ms": 1.98}
{"timestamp": "2026-02-23T10:23:43.965440", "level": "INFO", "logger": "request_logger", "message": "Incoming request", "request_id": "483bfe0d", "method": "GET", "url": "http://localhost:8000/health"}
{"timestamp": "2026-02-23T10:23:43.967601", "level": "INFO", "logger": "request_logger", "message": "Completed", "request_id": "483bfe0d", "method": "GET", "url": "http://localhost:8000/health", "status_code": 200, "duration_ms": 2.22}
{"timestamp": "2026-02-23T10:23:44.140905", "level": "INFO", "logger": "request_logger", "message": "Incoming request", "request_id": "f87a3420", "method": "GET", "url": "http://localhost:8000/health"}
{"timestamp": "2026-02-23T10:23:44.142796", "level": "INFO", "logger": "request_logger", "message": "Completed", "request_id": "f87a3420", "method": "GET", "url": "http://localhost:8000/health", "status_code": 200, "duration_ms": 2.04}
{"timestamp": "2026-02-23T10:23:44.369198", "level": "INFO", "logger": "request_logger", "message": "Incoming request", "request_id": "a7367346", "method": "GET", "url": "http://localhost:8000/health"}
{"timestamp": "2026-02-23T10:23:44.369833", "level": "INFO", "logger": "request_logger", "message": "Completed", "request_id": "a7367346", "method": "GET", "url": "http://localhost:8000/health", "status_code": 200, "duration_ms": 0.66}
{"timestamp": "2026-02-23T10:23:44.554271", "level": "INFO", "logger": "request_logger", "message": "Incoming request", "request_id": "3c5c6b1b", "method": "GET", "url": "http://localhost:8000/health"}
{"timestamp": "2026-02-23T10:23:44.555307", "level": "INFO", "logger": "request_logger", "message": "Completed", "request_id": "3c5c6b1b", "method": "GET", "url": "http://localhost:8000/health", "status_code": 200, "duration_ms": 1.1}
{"timestamp": "2026-02-23T10:23:44.844961", "level": "INFO", "logger": "request_logger", "message": "Incoming request", "request_id": "47221ea2", "method": "GET", "url": "http://localhost:8000/health"}
{"timestamp": "2026-02-23T10:23:44.846463", "level": "INFO", "logger": "request_logger", "message": "Completed", "request_id": "47221ea2", "method": "GET", "url": "http://localhost:8000/health", "status_code": 200, "duration_ms": 1.6}
{"timestamp": "2026-02-23T10:23:45.067673", "level": "INFO", "logger": "request_logger", "message": "Incoming request", "request_id": "147b6285", "method": "GET", "url": "http://localhost:8000/health"}
{"timestamp": "2026-02-23T10:23:45.069650", "level": "INFO", "logger": "request_logger", "message": "Completed", "request_id": "147b6285", "method": "GET", "url": "http://localhost:8000/health", "status_code": 200, "duration_ms": 2.04}
{"timestamp": "2026-02-23T10:23:45.274978", "level": "INFO", "logger": "request_logger", "message": "Incoming request", "request_id": "0cf528e4", "method": "GET", "url": "http://localhost:8000/health"}
{"timestamp": "2026-02-23T10:23:45.277512", "level": "INFO", "logger": "request_logger", "message": "Completed", "request_id": "0cf528e4", "method": "GET", "url": "http://localhost:8000/health", "status_code": 200, "duration_ms": 2.7}
{"timestamp": "2026-02-23T10:23:45.480607", "level": "INFO", "logger": "request_logger", "message": "Incoming request", "request_id": "9c734c35", "method": "GET", "url": "http://localhost:8000/health"}
{"timestamp": "2026-02-23T10:23:45.482499", "level": "INFO", "logger": "request_logger", "message": "Completed", "request_id": "9c734c35", "method": "GET", "url": "http://localhost:8000/health", "status_code": 200, "duration_ms": 1.97}
{"timestamp": "2026-02-23T10:23:45.684948", "level": "INFO", "logger": "request_logger", "message": "Incoming request", "request_id": "2e8c7beb", "method": "GET", "url": "http://localhost:8000/health"}
{"timestamp": "2026-02-23T10:23:45.686526", "level": "INFO", "logger": "request_logger", "message": "Completed", "request_id": "2e8c7beb", "method": "GET", "url": "http://localhost:8000/health", "status_code": 200, "duration_ms": 1.73}
{"timestamp": "2026-02-23T10:23:45.894023", "level": "INFO", "logger": "request_logger", "message": "Incoming request", "request_id": "999926cd", "method": "GET", "url": "http://localhost:8000/health"}
{"timestamp": "2026-02-23T10:23:45.895426", "level": "INFO", "logger": "request_logger", "message": "Completed", "request_id": "999926cd", "method": "GET", "url": "http://localhost:8000/health", "status_code": 200, "duration_ms": 1.52}
{"timestamp": "2026-02-23T10:23:46.099554", "level": "INFO", "logger": "request_logger", "message": "Incoming request", "request_id": "8d5d015a", "method": "GET", "url": "http://localhost:8000/health"}
{"timestamp": "2026-02-23T10:23:46.101102", "level": "INFO", "logger": "request_logger", "message": "Completed", "request_id": "8d5d015a", "method": "GET", "url": "http://localhost:8000/health", "status_code": 200, "duration_ms": 1.61}
{"timestamp": "2026-02-23T10:23:46.321784", "level": "INFO", "logger": "request_logger", "message": "Incoming request", "request_id": "0b30dc3d", "method": "GET", "url": "http://localhost:8000/health"}
{"timestamp": "2026-02-23T10:23:46.323250", "level": "INFO", "logger": "request_logger", "message": "Completed", "request_id": "0b30dc3d", "method": "GET", "url": "http://localhost:8000/health", "status_code": 200, "duration_ms": 1.53}
{"timestamp": "2026-02-23T10:23:46.516234", "level": "INFO", "logger": "request_logger", "message": "Incoming request", "request_id": "d1b25cf9", "method": "GET", "url": "http://localhost:8000/health"}
{"timestamp": "2026-02-23T10:23:46.517910", "level": "INFO", "logger": "request_logger", "message": "Completed", "request_id": "d1b25cf9", "method": "GET", "url": "http://localhost:8000/health", "status_code": 200, "duration_ms": 1.75}
{"timestamp": "2026-02-23T10:23:46.741743", "level": "INFO", "logger": "request_logger", "message": "Incoming request", "request_id": "b4818a87", "method": "GET", "url": "http://localhost:8000/health"}
{"timestamp": "2026-02-23T10:23:46.742305", "level": "INFO", "logger": "request_logger", "message": "Completed", "request_id": "b4818a87", "method": "GET", "url": "http://localhost:8000/health", "status_code": 200, "duration_ms": 0.58}
{"timestamp": "2026-02-23T10:23:46.924335", "level": "INFO", "logger": "request_logger", "message": "Incoming request", "request_id": "41ec22d3", "method": "GET", "url": "http://localhost:8000/health"}
{"timestamp": "2026-02-23T10:23:46.925187", "level": "INFO", "logger": "request_logger", "message": "Completed", "request_id": "41ec22d3", "method": "GET", "url": "http://localhost:8000/health", "status_code": 200, "duration_ms": 0.93}
{"timestamp": "2026-02-23T10:23:47.132868", "level": "INFO", "logger": "request_logger", "message": "Incoming request", "request_id": "9226544c", "method": "GET", "url": "http://localhost:8000/health"}
{"timestamp": "2026-02-23T10:23:47.133383", "level": "INFO", "logger": "request_logger", "message": "Completed", "request_id": "9226544c", "method": "GET", "url": "http://localhost:8000/health", "status_code": 200, "duration_ms": 0.53}
{"timestamp": "2026-02-23T10:23:47.341379", "level": "INFO", "logger": "request_logger", "message": "Incoming request", "request_id": "3a1fd8b1", "method": "GET", "url": "http://localhost:8000/health"}
{"timestamp": "2026-02-23T10:23:47.342682", "level": "INFO", "logger": "request_logger", "message": "Completed", "request_id": "3a1fd8b1", "method": "GET", "url": "http://localhost:8000/health", "status_code": 200, "duration_ms": 1.33}
{"timestamp": "2026-02-23T10:23:47.605797", "level": "INFO", "logger": "request_logger", "message": "Incoming request", "request_id": "ebe3bb28", "method": "GET", "url": "http://localhost:8000/health"}
{"timestamp": "2026-02-23T10:23:47.607590", "level": "INFO", "logger": "request_logger", "message": "Completed", "request_id": "ebe3bb28", "method": "GET", "url": "http://localhost:8000/health", "status_code": 200, "duration_ms": 1.89}
{"timestamp": "2026-02-23T10:23:47.762653", "level": "INFO", "logger": "request_logger", "message": "Incoming request", "request_id": "19c562f9", "method": "GET", "url": "http://localhost:8000/health"}
{"timestamp": "2026-02-23T10:23:47.764235", "level": "INFO", "logger": "request_logger", "message": "Completed", "request_id": "19c562f9", "method": "GET", "url": "http://localhost:8000/health", "status_code": 200, "duration_ms": 1.74}
{"timestamp": "2026-02-23T10:23:47.952763", "level": "INFO", "logger": "request_logger", "message": "Incoming request", "request_id": "559534fe", "method": "GET", "url": "http://localhost:8000/health"}
{"timestamp": "2026-02-23T10:23:47.953188", "level": "INFO", "logger": "request_logger", "message": "Completed", "request_id": "559534fe", "method": "GET", "url": "http://localhost:8000/health", "status_code": 200, "duration_ms": 0.44}
{"timestamp": "2026-02-23T10:23:48.154544", "level": "INFO", "logger": "request_logger", "message": "Incoming request", "request_id": "87d31cef", "method": "GET", "url": "http://localhost:8000/health"}
{"timestamp": "2026-02-23T10:23:48.154973", "level": "INFO", "logger": "request_logger", "message": "Completed", "request_id": "87d31cef", "method": "GET", "url": "http://localhost:8000/health", "status_code": 200, "duration_ms": 0.45}
{"timestamp": "2026-02-23T10:23:48.363148", "level": "INFO", "logger": "request_logger", "message": "Incoming request", "request_id": "aeda8d88", "method": "GET", "url": "http://localhost:8000/health"}
{"timestamp": "2026-02-23T10:23:48.363576", "level": "INFO", "logger": "request_logger", "message": "Completed", "request_id": "aeda8d88", "method": "GET", "url": "http://localhost:8000/health", "status_code": 200, "duration_ms": 0.44}
{"timestamp": "2026-02-23T10:23:48.570496", "level": "INFO", "logger": "request_logger", "message": "Incoming request", "request_id": "3813e516", "method": "GET", "url": "http://localhost:8000/health"}
{"timestamp": "2026-02-23T10:23:48.570974", "level": "INFO", "logger": "request_logger", "message": "Completed", "request_id": "3813e516", "method": "GET", "url": "http://localhost:8000/health", "status_code": 200, "duration_ms": 0.5}
{"timestamp": "2026-02-23T10:23:48.786601", "level": "INFO", "logger": "request_logger", "message": "Incoming request", "request_id": "bcf8f591", "method": "GET", "url": "http://localhost:8000/health"}
{"timestamp": "2026-02-23T10:23:48.788305", "level": "INFO", "logger": "request_logger", "message": "Completed", "request_id": "bcf8f591", "method": "GET", "url": "http://localhost:8000/health", "status_code": 200, "duration_ms": 1.78}
{"timestamp": "2026-02-23T10:23:49.075212", "level": "INFO", "logger": "request_logger", "message": "Incoming request", "request_id": "4cb5a1d4", "method": "GET", "url": "http://localhost:8000/health"}
{"timestamp": "2026-02-23T10:23:49.076093", "level": "INFO", "logger": "request_logger", "message": "Completed", "request_id": "4cb5a1d4", "method": "GET", "url": "http://localhost:8000/health", "status_code": 200, "duration_ms": 0.93}
{"timestamp": "2026-02-23T10:23:49.301995", "level": "INFO", "logger": "request_logger", "message": "Incoming request", "request_id": "6d698239", "method": "GET", "url": "http://localhost:8000/health"}
{"timestamp": "2026-02-23T10:23:49.303564", "level": "INFO", "logger": "request_logger", "message": "Completed", "request_id": "6d698239", "method": "GET", "url": "http://localhost:8000/health", "status_code": 200, "duration_ms": 1.95}
{"timestamp": "2026-02-23T10:23:49.501610", "level": "INFO", "logger": "request_logger", "message": "Incoming request", "request_id": "1da83807", "method": "GET", "url": "http://localhost:8000/health"}
{"timestamp": "2026-02-23T10:23:49.503509", "level": "INFO", "logger": "request_logger", "message": "Completed", "request_id": "1da83807", "method": "GET", "url": "http://localhost:8000/health", "status_code": 200, "duration_ms": 1.96}
{"timestamp": "2026-02-23T10:23:49.714267", "level": "INFO", "logger": "request_logger", "message": "Incoming request", "request_id": "73be8de5", "method": "GET", "url": "http://localhost:8000/health"}
{"timestamp": "2026-02-23T10:23:49.715772", "level": "INFO", "logger": "request_logger", "message": "Completed", "request_id": "73be8de5", "method": "GET", "url": "http://localhost:8000/health", "status_code": 200, "duration_ms": 1.59}
{"timestamp": "2026-02-23T10:23:49.918040", "level": "INFO", "logger": "request_logger", "message": "Incoming request", "request_id": "ef4c38f9", "method": "GET", "url": "http://localhost:8000/health"}
{"timestamp": "2026-02-23T10:23:49.920769", "level": "INFO", "logger": "request_logger", "message": "Completed", "request_id": "ef4c38f9", "method": "GET", "url": "http://localhost:8000/health", "status_code": 200, "duration_ms": 2.77}
{"timestamp": "2026-02-23T10:23:50.129535", "level": "INFO", "logger": "request_logger", "message": "Incoming request", "request_id": "3c457bb6", "method": "GET", "url": "http://localhost:8000/health"}
{"timestamp": "2026-02-23T10:23:50.130882", "level": "INFO", "logger": "request_logger", "message": "Completed", "request_id": "3c457bb6", "method": "GET", "url": "http://localhost:8000/health", "status_code": 200, "duration_ms": 1.47}
{"timestamp": "2026-02-23T10:23:50.373165", "level": "INFO", "logger": "request_logger", "message": "Incoming request", "request_id": "9c859f87", "method": "GET", "url": "http://localhost:8000/health"}
{"timestamp": "2026-02-23T10:23:50.374891", "level": "INFO", "logger": "request_logger", "message": "Completed", "request_id": "9c859f87", "method": "GET", "url": "http://localhost:8000/health", "status_code": 200, "duration_ms": 1.8}
{"timestamp": "2026-02-23T10:23:50.537764", "level": "INFO", "logger": "request_logger", "message": "Incoming request", "request_id": "69a825fb", "method": "GET", "url": "http://localhost:8000/health"}
{"timestamp": "2026-02-23T10:23:50.538495", "level": "INFO", "logger": "request_logger", "message": "Completed", "request_id": "69a825fb", "method": "GET", "url": "http://localhost:8000/health", "status_code": 200, "duration_ms": 0.75}
{"timestamp": "2026-02-23T10:23:50.821083", "level": "INFO", "logger": "request_logger", "message": "Incoming request", "request_id": "6264cd55", "method": "GET", "url": "http://localhost:8000/health"}
{"timestamp": "2026-02-23T10:23:50.822185", "level": "INFO", "logger": "request_logger", "message": "Completed", "request_id": "6264cd55", "method": "GET", "url": "http://localhost:8000/health", "status_code": 200, "duration_ms": 1.13}
{"timestamp": "2026-02-23T10:23:51.050320", "level": "INFO", "logger": "request_logger", "message": "Incoming request", "request_id": "20477c11", "method": "GET", "url": "http://localhost:8000/health"}
{"timestamp": "2026-02-23T10:23:51.051663", "level": "INFO", "logger": "request_logger", "message": "Completed", "request_id": "20477c11", "method": "GET", "url": "http://localhost:8000/health", "status_code": 200, "duration_ms": 1.44}
{"timestamp": "2026-02-23T10:23:51.258267", "level": "INFO", "logger": "request_logger", "message": "Incoming request", "request_id": "406a5b54", "method": "GET", "url": "http://localhost:8000/health"}
{"timestamp": "2026-02-23T10:23:51.260713", "level": "INFO", "logger": "request_logger", "message": "Completed", "request_id": "406a5b54", "method": "GET", "url": "http://localhost:8000/health", "status_code": 200, "duration_ms": 2.61}
{"timestamp": "2026-02-23T10:23:51.462408", "level": "INFO", "logger": "request_logger", "message": "Incoming request", "request_id": "21703d98", "method": "GET", "url": "http://localhost:8000/health"}
{"timestamp": "2026-02-23T10:23:51.464211", "level": "INFO", "logger": "request_logger", "message": "Completed", "request_id": "21703d98", "method": "GET", "url": "http://localhost:8000/health", "status_code": 200, "duration_ms": 2.34}
{"timestamp": "2026-02-23T10:23:51.666260", "level": "INFO", "logger": "request_logger", "message": "Incoming request", "request_id": "bd54cf68", "method": "GET", "url": "http://localhost:8000/health"}
{"timestamp": "2026-02-23T10:23:51.667798", "level": "INFO", "logger": "request_logger", "message": "Completed", "request_id": "bd54cf68", "method": "GET", "url": "http://localhost:8000/health", "status_code": 200, "duration_ms": 1.65}
{"timestamp": "2026-02-23T10:23:51.870029", "level": "INFO", "logger": "request_logger", "message": "Incoming request", "request_id": "f5f155ac", "method": "GET", "url": "http://localhost:8000/health"}
{"timestamp": "2026-02-23T10:23:51.870608", "level": "INFO", "logger": "request_logger", "message": "Completed", "request_id": "f5f155ac", "method": "GET", "url": "http://localhost:8000/health", "status_code": 200, "duration_ms": 0.6}
{"timestamp": "2026-02-23T10:23:52.081318", "level": "INFO", "logger": "request_logger", "message": "Incoming request", "request_id": "53d083f6", "method": "GET", "url": "http://localhost:8000/health"}
{"timestamp": "2026-02-23T10:23:52.081840", "level": "INFO", "logger": "request_logger", "message": "Completed", "request_id": "53d083f6", "method": "GET", "url": "http://localhost:8000/health", "status_code": 200, "duration_ms": 0.54}
{"timestamp": "2026-02-23T10:23:52.339101", "level": "INFO", "logger": "request_logger", "message": "Incoming request", "request_id": "3f7feec3", "method": "GET", "url": "http://localhost:8000/health"}
{"timestamp": "2026-02-23T10:23:52.339888", "level": "INFO", "logger": "request_logger", "message": "Completed", "request_id": "3f7feec3", "method": "GET", "url": "http://localhost:8000/health", "status_code": 200, "duration_ms": 0.82}
{"timestamp": "2026-02-23T10:23:52.499786", "level": "INFO", "logger": "request_logger", "message": "Incoming request", "request_id": "b266357a", "method": "GET", "url": "http://localhost:8000/health"}
{"timestamp": "2026-02-23T10:23:52.502102", "level": "INFO", "logger": "request_logger", "message": "Completed", "request_id": "b266357a", "method": "GET", "url": "http://localhost:8000/health", "status_code": 200, "duration_ms": 2.58}
{"timestamp": "2026-02-23T10:23:52.712483", "level": "INFO", "logger": "request_logger", "message": "Incoming request", "request_id": "0445fc5f", "method": "GET", "url": "http://localhost:8000/health"}
{"timestamp": "2026-02-23T10:23:52.714063", "level": "INFO", "logger": "request_logger", "message": "Completed", "request_id": "0445fc5f", "method": "GET", "url": "http://localhost:8000/health", "status_code": 200, "duration_ms": 1.71}
{"timestamp": "2026-02-23T10:23:52.916975", "level": "INFO", "logger": "request_logger", "message": "Incoming request", "request_id": "67c282ad", "method": "GET", "url": "http://localhost:8000/health"}
{"timestamp": "2026-02-23T10:23:52.918576", "level": "INFO", "logger": "request_logger", "message": "Completed", "request_id": "67c282ad", "method": "GET", "url": "http://localhost:8000/health", "status_code": 200, "duration_ms": 1.74}
{"timestamp": "2026-02-23T10:23:53.124062", "level": "INFO", "logger": "request_logger", "message": "Incoming request", "request_id": "434fe5d5", "method": "GET", "url": "http://localhost:8000/health"}
{"timestamp": "2026-02-23T10:23:53.126519", "level": "INFO", "logger": "request_logger", "message": "Completed", "request_id": "434fe5d5", "method": "GET", "url": "http://localhost:8000/health", "status_code": 200, "duration_ms": 2.46}
{"timestamp": "2026-02-23T10:23:53.332183", "level": "INFO", "logger": "request_logger", "message": "Incoming request", "request_id": "2f675655", "method": "GET", "url": "http://localhost:8000/health"}
{"timestamp": "2026-02-23T10:23:53.334020", "level": "INFO", "logger": "request_logger", "message": "Completed", "request_id": "2f675655", "method": "GET", "url": "http://localhost:8000/health", "status_code": 200, "duration_ms": 1.94}
{"timestamp": "2026-02-23T10:23:53.541122", "level": "INFO", "logger": "request_logger", "message": "Incoming request", "request_id": "6b9110dd", "method": "GET", "url": "http://localhost:8000/health"}
{"timestamp": "2026-02-23T10:23:53.543026", "level": "INFO", "logger": "request_logger", "message": "Completed", "request_id": "6b9110dd", "method": "GET", "url": "http://localhost:8000/health", "status_code": 200, "duration_ms": 1.96}
{"timestamp": "2026-02-23T10:23:53.783748", "level": "INFO", "logger": "request_logger", "message": "Incoming request", "request_id": "3f0da79d", "method": "GET", "url": "http://localhost:8000/health"}
{"timestamp": "2026-02-23T10:23:53.786720", "level": "INFO", "logger": "request_logger", "message": "Completed", "request_id": "3f0da79d", "method": "GET", "url": "http://localhost:8000/health", "status_code": 200, "duration_ms": 4.69}
{"timestamp": "2026-02-23T10:23:53.953307", "level": "INFO", "logger": "request_logger", "message": "Incoming request", "request_id": "bad71ba3", "method": "GET", "url": "http://localhost:8000/health"}
{"timestamp": "2026-02-23T10:23:53.954912", "level": "INFO", "logger": "request_logger", "message": "Completed", "request_id": "bad71ba3", "method": "GET", "url": "http://localhost:8000/health", "status_code": 200, "duration_ms": 1.72}
